AOU,CommonName,Competitor
4650,Acadian Flycatcher,Eastern Wood-Pewee
4650,Acadian Flycatcher,Alder Flycatcher
4650,Acadian Flycatcher,Yellow-bellied Flycatcher
4650,Acadian Flycatcher,Willow Flycatcher
4650,Acadian Flycatcher,Least Flycatcher
4650,Acadian Flycatcher,Olive-sided Flycatcher
4070,Acorn Woodpecker,Nuttall's Woodpecker
4661,Alder Flycatcher,Olive-sided Flycatcher
4661,Alder Flycatcher,Western Wood-Pewee
4661,Alder Flycatcher,Yellow-bellied Flycatcher
4661,Alder Flycatcher,Acadian Flycatcher
4661,Alder Flycatcher,Willow Flycatcher
4661,Alder Flycatcher,Least Flycatcher
6870,American Redstart,Black-throated Blue Warbler
6870,American Redstart,Magnolia Warbler
6870,American Redstart,Canada Warbler
6870,American Redstart,Least Flycatcher
4310,Anna's Hummingbird,Allen's Hummingbird
4540,Ash-throated Flycatcher,Cassin's Kingbird
4540,Ash-throated Flycatcher,Say's Phoebe
5450,Baird's Sparrow,Grasshopper Sparrow
5450,Baird's Sparrow,Lark Sparrow
3120,Band-tailed Pigeon,Rock Pigeon
3120,Band-tailed Pigeon,Mourning Dove
6160,Bank Swallow,Cliff Swallow
6160,Bank Swallow,Tree Swallow
6600,Bay-breasted Warbler,Tennessee Warbler
6600,Bay-breasted Warbler,Orange-crowned Warbler
6600,Bay-breasted Warbler,Nashville Warbler
6600,Bay-breasted Warbler,Cape May Warbler
6600,Bay-breasted Warbler,Blackpoll Warbler
6600,Bay-breasted Warbler,Blackburnian Warbler
6600,Bay-breasted Warbler,Common Yellowthroat
6600,Bay-breasted Warbler,Yellow Warbler
6600,Bay-breasted Warbler,Yellow-rumped Warbler
6600,Bay-breasted Warbler,Chestnut-sided Warbler
6600,Bay-breasted Warbler,Wilson's Warbler
6600,Bay-breasted Warbler,Black-throated Green Warbler
6600,Bay-breasted Warbler,Mourning Warbler
6330,Bell's Vireo,Warbling Vireo
6330,Bell's Vireo,Yellow-throated Vireo
7080,Bendire's Thrasher,Crissal Thrasher
7080,Bendire's Thrasher,Northern Mockingbird
7190,Bewick's Wren,Rock Wren
7190,Bewick's Wren,House Wren
4580,Black Phoebe,Vermilion Flycatcher
6360,Black-and-white Warbler,Prothonotary Warbler
6360,Black-and-white Warbler,Yellow-throated Warbler
6360,Black-and-white Warbler,Pine Warbler
3880,Black-billed Cuckoo,Yellow-billed Cuckoo
6620,Blackburnian Warbler,Blackpoll Warbler
6620,Blackburnian Warbler,Bay-breasted Warbler
6620,Blackburnian Warbler,Tennessee Warbler
6620,Blackburnian Warbler,Orange-crowned Warbler
6620,Blackburnian Warbler,Nashville Warbler
6620,Blackburnian Warbler,Cape May Warbler
6620,Blackburnian Warbler,Common Yellowthroat
6620,Blackburnian Warbler,Yellow Warbler
6620,Blackburnian Warbler,Yellow-rumped Warbler
6620,Blackburnian Warbler,Chestnut-sided Warbler
6620,Blackburnian Warbler,Wilson's Warbler
6620,Blackburnian Warbler,Black-throated Green Warbler
6620,Blackburnian Warbler,Mourning Warbler
4290,Black-chinned Hummingbird,Broad-tailed Hummingbird
5650,Black-chinned Sparrow,Rufous-crowned Sparrow
5650,Black-chinned Sparrow,Black-throated Sparrow
6610,Blackpoll Warbler,Bay-breasted Warbler
6610,Blackpoll Warbler,Tennessee Warbler
6610,Blackpoll Warbler,Orange-crowned Warbler
6610,Blackpoll Warbler,Nashville Warbler
6610,Blackpoll Warbler,Cape May Warbler
6610,Blackpoll Warbler,Blackburnian Warbler
6610,Blackpoll Warbler,Common Yellowthroat
6610,Blackpoll Warbler,Yellow Warbler
6610,Blackpoll Warbler,Yellow-rumped Warbler
6610,Blackpoll Warbler,Chestnut-sided Warbler
6610,Blackpoll Warbler,Wilson's Warbler
6610,Blackpoll Warbler,Black-throated Green Warbler
6610,Blackpoll Warbler,Townsend's Warbler
6610,Blackpoll Warbler,Mourning Warbler
7520,Black-tailed Gnatcatcher,Blue-gray Gnatcatcher
6540,Black-throated Blue Warbler,Magnolia Warbler
6540,Black-throated Blue Warbler,Canada Warbler
6540,Black-throated Blue Warbler,American Redstart
6650,Black-throated Gray Warbler,Lucy's Warbler
6650,Black-throated Gray Warbler,Yellow Warbler
6650,Black-throated Gray Warbler,Painted Redstart
6650,Black-throated Gray Warbler,Grace's Warbler
6650,Black-throated Gray Warbler,Yellow-breasted Chat
5730,Black-throated Sparrow,Black-chinned Sparrow
5730,Black-throated Sparrow,Rufous-crowned Sparrow
6410,Blue-winged Warbler,Worm-eating Warbler
6410,Blue-winged Warbler,Pine Warbler
6410,Blue-winged Warbler,Northern Parula
6410,Blue-winged Warbler,Prairie Warbler
6410,Blue-winged Warbler,Yellow Warbler
6410,Blue-winged Warbler,Common Yellowthroat
6410,Blue-winged Warbler,Yellow-breasted Chat
6410,Blue-winged Warbler,Hooded Warbler
7400,Boreal Chickadee,Black-capped Chickadee
5620,Brewer's Sparrow,Lark Sparrow
5620,Brewer's Sparrow,Vesper Sparrow
4320,Broad-tailed Hummingbird,Black-chinned Hummingbird
7260,Brown Creeper,Red-breasted Nuthatch
7260,Brown Creeper,White-breasted Nuthatch
4530,Brown-crested Flycatcher,Dusky-capped Flycatcher
7430,Bushtit,Chestnut-backed Chickadee
7430,Bushtit,Oak Titmouse
7100,California Thrasher,Northern Mockingbird
5911,California Towhee,Spotted Towhee
4360,Calliope Hummingbird,Rufous Hummingbird
6860,Canada Warbler,Black-throated Blue Warbler
6860,Canada Warbler,Magnolia Warbler
6860,Canada Warbler,American Redstart
6500,Cape May Warbler,Tennessee Warbler
6500,Cape May Warbler,Orange-crowned Warbler
6500,Cape May Warbler,Nashville Warbler
6500,Cape May Warbler,Bay-breasted Warbler
6500,Cape May Warbler,Blackpoll Warbler
6500,Cape May Warbler,Blackburnian Warbler
6500,Cape May Warbler,Common Yellowthroat
6500,Cape May Warbler,Yellow Warbler
6500,Cape May Warbler,Yellow-rumped Warbler
6500,Cape May Warbler,Chestnut-sided Warbler
6500,Cape May Warbler,Wilson's Warbler
6500,Cape May Warbler,Black-throated Green Warbler
6500,Cape May Warbler,Mourning Warbler
5180,Cassin's Finch,House Finch
4480,Cassin's Kingbird,Ash-throated Flycatcher
6292,Cassin's Vireo,Warbling Vireo
6292,Cassin's Vireo,Hutton's Vireo
7410,Chestnut-backed Chickadee,Oak Titmouse
7410,Chestnut-backed Chickadee,Bushtit
5380,Chestnut-collared Longspur,McCown's Longspur
5380,Chestnut-collared Longspur,Lark Bunting
4870,Chihuahuan Raven,Common Raven
4910,Clark's Nutcracker,Gray Jay
6780,Connecticut Warbler,Northern Waterthrush
6780,Connecticut Warbler,Louisiana Waterthrush
6780,Connecticut Warbler,Ovenbird
4640,Cordilleran Flycatcher,Gray Flycatcher
4640,Cordilleran Flycatcher,Hammond's Flycatcher
5660,Dark-eyed Junco,Song Sparrow
5660,Dark-eyed Junco,Savannah Sparrow
4690,Dusky Flycatcher,Hammond's Flycatcher
4690,Dusky Flycatcher,Gray Flycatcher
5140,Evening Grosbeak,American Goldfinch
5850,Fox Sparrow,Lincoln's Sparrow
5850,Fox Sparrow,White-crowned Sparrow
7480,Golden-crowned Kinglet,Ruby-crowned Kinglet
5460,Grasshopper Sparrow,Baird's Sparrow
5460,Grasshopper Sparrow,Chipping Sparrow
4691,Gray Flycatcher,Cordilleran Flycatcher
4691,Gray Flycatcher,Dusky Flycatcher
4840,Gray Jay,Steller's Jay
4840,Gray Jay,Clark's Nutcracker
2881,Gray Partridge,Ring-necked Pheasant
2881,Gray Partridge,Ruffed Grouse
2881,Gray Partridge,Spruce Grouse
5120,Great-tailed Grackle,Brown-headed Cowbird
5120,Great-tailed Grackle,Red-winged Blackbird
5900,Green-tailed Towhee,Spotted Towhee
4680,Hammond's Flycatcher,Cordilleran Flycatcher
4680,Hammond's Flycatcher,Dusky Flycatcher
7590,Hermit Thrush,Townsend's Solitaire
7590,Hermit Thrush,Swainson's Thrush
6690,Hermit Warbler,Yellow-breasted Chat
6690,Hermit Warbler,Black-throated Gray Warbler
6690,Hermit Warbler,Common Yellowthroat
6690,Hermit Warbler,Yellow Warbler
6690,Hermit Warbler,Yellow-rumped Warbler
6690,Hermit Warbler,MacGillivray's Warbler
5050,Hooded Oriole,Scott's Oriole
5050,Hooded Oriole,Bullock's Oriole
6840,Hooded Warbler,Yellow-breasted Chat
6840,Hooded Warbler,Prairie Warbler
6840,Hooded Warbler,Common Yellowthroat
6320,Hutton's Vireo,Cassin's Vireo
6320,Hutton's Vireo,Warbling Vireo
3210,Inca Dove,White-winged Dove
3210,Inca Dove,Mourning Dove
3210,Inca Dove,Common Ground-Dove
7331,Juniper Titmouse,Mountain Chickadee
6770,Kentucky Warbler,Swainson's Warbler
6770,Kentucky Warbler,Louisiana Waterthrush
6770,Kentucky Warbler,Northern Waterthrush
6770,Kentucky Warbler,Ovenbird
6050,Lark Bunting,Chestnut-collared Longspur
6050,Lark Bunting,Grasshopper Sparrow
6050,Lark Bunting,Lark Sparrow
6050,Lark Bunting,Brewer's Sparrow
5520,Lark Sparrow,Baird's Sparrow
5520,Lark Sparrow,Chipping Sparrow
5520,Lark Sparrow,Brewer's Sparrow
5990,Lazuli Bunting,Black-headed Grosbeak
5480,Le Conte's Sparrow,Savannah Sparrow
5480,Le Conte's Sparrow,Chipping Sparrow
5300,Lesser Goldfinch,House Finch
5300,Lesser Goldfinch,Pine Siskin
5830,Lincoln's Sparrow,White-crowned Sparrow
5830,Lincoln's Sparrow,Swamp Sparrow
5830,Lincoln's Sparrow,Fox Sparrow
6220,Loggerhead Shrike,American Kestrel
6760,Louisiana Waterthrush,Swainson's Warbler
6760,Louisiana Waterthrush,Palm Warbler
6760,Louisiana Waterthrush,Northern Waterthrush
6760,Louisiana Waterthrush,Kentucky Warbler
6760,Louisiana Waterthrush,Connecticut Warbler
6760,Louisiana Waterthrush,Ovenbird
6430,Lucy's Warbler,Yellow Warbler
6430,Lucy's Warbler,Painted Redstart
6430,Lucy's Warbler,Grace's Warbler
6430,Lucy's Warbler,Black-throated Gray Warbler
6430,Lucy's Warbler,Yellow-breasted Chat
6430,Lucy's Warbler,Red-faced Warbler
6800,MacGillivray's Warbler,Hermit Warbler
6800,MacGillivray's Warbler,Yellow-breasted Chat
6800,MacGillivray's Warbler,Black-throated Gray Warbler
6800,MacGillivray's Warbler,Townsend's Warbler
6800,MacGillivray's Warbler,Common Yellowthroat
6800,MacGillivray's Warbler,Yellow Warbler
6800,MacGillivray's Warbler,Yellow-rumped Warbler
6570,Magnolia Warbler,Black-throated Blue Warbler
6570,Magnolia Warbler,Canada Warbler
6570,Magnolia Warbler,American Redstart
7680,Mountain Bluebird,Townsend's Solitaire
7680,Mountain Bluebird,American Robin
7380,Mountain Chickadee,Juniper Titmouse
2920,Mountain Quail,California Quail
6790,Mourning Warbler,Blackburnian Warbler
6790,Mourning Warbler,Blackpoll Warbler
6790,Mourning Warbler,Bay-breasted Warbler
6790,Mourning Warbler,Tennessee Warbler
6790,Mourning Warbler,Orange-crowned Warbler
6790,Mourning Warbler,Nashville Warbler
6790,Mourning Warbler,Cape May Warbler
6790,Mourning Warbler,Common Yellowthroat
6790,Mourning Warbler,Yellow Warbler
6790,Mourning Warbler,Yellow-rumped Warbler
6790,Mourning Warbler,Chestnut-sided Warbler
6790,Mourning Warbler,Wilson's Warbler
6790,Mourning Warbler,Black-throated Green Warbler
6450,Nashville Warbler,Orange-crowned Warbler
6450,Nashville Warbler,Tennessee Warbler
6450,Nashville Warbler,Cape May Warbler
6450,Nashville Warbler,Bay-breasted Warbler
6450,Nashville Warbler,Blackpoll Warbler
6450,Nashville Warbler,Blackburnian Warbler
6450,Nashville Warbler,Common Yellowthroat
6450,Nashville Warbler,Yellow Warbler
6450,Nashville Warbler,Yellow-rumped Warbler
6450,Nashville Warbler,Chestnut-sided Warbler
6450,Nashville Warbler,Wilson's Warbler
6450,Nashville Warbler,Black-throated Green Warbler
6450,Nashville Warbler,Townsend's Warbler
6450,Nashville Warbler,Mourning Warbler
5491,Nelson's Sharp-tailed Sparrow,Le Conte's Sparrow
5491,Nelson's Sharp-tailed Sparrow,Chipping Sparrow
7030,Northern Mockingbird,Gray Catbird
7030,Northern Mockingbird,Brown Thrasher
7030,Northern Mockingbird,Sage Thrasher
7030,Northern Mockingbird,Phainopepla
7030,Northern Mockingbird,Loggerhead Shrike
7030,Northern Mockingbird,Bendire's Thrasher
7030,Northern Mockingbird,California Thrasher
6750,Northern Waterthrush,Swainson's Warbler
6750,Northern Waterthrush,Palm Warbler
6750,Northern Waterthrush,Louisiana Waterthrush
6750,Northern Waterthrush,Kentucky Warbler
6750,Northern Waterthrush,Connecticut Warbler
6750,Northern Waterthrush,Ovenbird
4890,Northwestern Crow,Common Raven
4890,Northwestern Crow,Black-billed Magpie
4590,Olive-sided Flycatcher,Western Wood-Pewee
4590,Olive-sided Flycatcher,Western Kingbird
6460,Orange-crowned Warbler,Virginia's Warbler
6460,Orange-crowned Warbler,Tennessee Warbler
6460,Orange-crowned Warbler,Cape May Warbler
6460,Orange-crowned Warbler,Bay-breasted Warbler
6460,Orange-crowned Warbler,Blackpoll Warbler
6460,Orange-crowned Warbler,Blackburnian Warbler
6460,Orange-crowned Warbler,Common Yellowthroat
6460,Orange-crowned Warbler,Yellow Warbler
6460,Orange-crowned Warbler,Yellow-rumped Warbler
6460,Orange-crowned Warbler,Chestnut-sided Warbler
6460,Orange-crowned Warbler,Wilson's Warbler
6460,Orange-crowned Warbler,Black-throated Green Warbler
6460,Orange-crowned Warbler,Townsend's Warbler
6460,Orange-crowned Warbler,Mourning Warbler
6720,Palm Warbler,Northern Waterthrush
6720,Palm Warbler,Louisiana Waterthrush
6720,Palm Warbler,Ovenbird
6260,Philadelphia Vireo,Blue-headed Vireo
6260,Philadelphia Vireo,Red-eyed Vireo
5330,Pine Siskin,Lesser Goldfinch
5330,Pine Siskin,Red Crossbill
4920,Pinyon Jay,Black-billed Magpie
6291,Plumbeous Vireo,Warbling Vireo
6370,Prothonotary Warbler,Yellow-throated Warbler
6370,Prothonotary Warbler,Black-and-white Warbler
6370,Prothonotary Warbler,Pine Warbler
5940,Pyrrhuloxia,Northern Cardinal
5940,Pyrrhuloxia,Blue Grosbeak
5210,Red Crossbill,White-winged Crossbill
5210,Red Crossbill,Purple Finch
7280,Red-breasted Nuthatch,Brown Creeper
7280,Red-breasted Nuthatch,White-breasted Nuthatch
4030,Red-breasted Sapsucker,Nuttall's Woodpecker
4030,Red-breasted Sapsucker,Acorn Woodpecker
6900,Red-faced Warbler,Lucy's Warbler
6900,Red-faced Warbler,Painted Redstart
6900,Red-faced Warbler,Grace's Warbler
4060,Red-headed Woodpecker,Red-bellied Woodpecker
4060,Red-headed Woodpecker,Northern Flicker
4021,Red-naped Sapsucker,Williamson's Sapsucker
3091,Ring-necked Pheasant,Gray Partridge
3091,Ring-necked Pheasant,Wild Turkey
7150,Rock Wren,Bewick's Wren
7150,Rock Wren,House Wren
7490,Ruby-crowned Kinglet,Golden-crowned Kinglet
3000,Ruffed Grouse,Spruce Grouse
3000,Ruffed Grouse,Gray Partridge
4330,Rufous Hummingbird,Calliope Hummingbird
5800,Rufous-crowned Sparrow,Black-chinned Sparrow
5740,Sage Sparrow,Song Sparrow
7020,Sage Thrasher,Northern Mockingbird
7020,Sage Thrasher,Bendire's Thrasher
4570,Say's Phoebe,Western Kingbird
4570,Say's Phoebe,Ash-throated Flycatcher
5040,Scott's Oriole,Bullock's Oriole
5040,Scott's Oriole,Hooded Oriole
7240,Sedge Wren,Winter Wren
7240,Sedge Wren,House Wren
5880,Spotted Towhee,Green-tailed Towhee
7000,Sprague's Pipit,Vesper Sparrow
4780,Steller's Jay,Western Scrub-Jay
4780,Steller's Jay,Clark's Nutcracker
4780,Steller's Jay,Gray Jay
7580,Swainson's Thrush,Hermit Thrush
6380,Swainson's Warbler,Northern Waterthrush
6380,Swainson's Warbler,Louisiana Waterthrush
6380,Swainson's Warbler,Kentucky Warbler
6380,Swainson's Warbler,Ovenbird
5840,Swamp Sparrow,Lincoln's Sparrow
5840,Swamp Sparrow,White-throated Sparrow
6470,Tennessee Warbler,Orange-crowned Warbler
6470,Tennessee Warbler,Nashville Warbler
6470,Tennessee Warbler,Cape May Warbler
6470,Tennessee Warbler,Bay-breasted Warbler
6470,Tennessee Warbler,Blackpoll Warbler
6470,Tennessee Warbler,Blackburnian Warbler
6470,Tennessee Warbler,Common Yellowthroat
6470,Tennessee Warbler,Yellow Warbler
6470,Tennessee Warbler,Yellow-rumped Warbler
6470,Tennessee Warbler,Chestnut-sided Warbler
6470,Tennessee Warbler,Wilson's Warbler
6470,Tennessee Warbler,Black-throated Green Warbler
6470,Tennessee Warbler,Townsend's Warbler
6470,Tennessee Warbler,Mourning Warbler
7540,Townsend's Solitaire,Mountain Bluebird
7540,Townsend's Solitaire,Hermit Thrush
7630,Varied Thrush,Gray-cheeked Thrush
7630,Varied Thrush,Swainson's Thrush
7630,Varied Thrush,Hermit Thrush
4240,Vaux's Swift,Black Swift
4710,Vermilion Flycatcher,Black Phoebe
5400,Vesper Sparrow,Song Sparrow
5400,Vesper Sparrow,Brewer's Sparrow
5400,Vesper Sparrow,Sprague's Pipit
6150,Violet-green Swallow,Northern Rough-winged Swallow
6150,Violet-green Swallow,Barn Swallow
6440,Virginia's Warbler,Orange-crowned Warbler
7670,Western Bluebird,Hermit Thrush
7670,Western Bluebird,American Robin
4812,Western Scrub-Jay,Steller's Jay
4812,Western Scrub-Jay,Gray Jay
4812,Western Scrub-Jay,Clark's Nutcracker
5540,White-crowned Sparrow,Golden-crowned Sparrow
5540,White-crowned Sparrow,Lincoln's Sparrow
5540,White-crowned Sparrow,Fox Sparrow
5220,White-winged Crossbill,Red Crossbill
5220,White-winged Crossbill,Purple Finch
3100,Wild Turkey,Ring-necked Pheasant
4660,Willow Flycatcher,Alder Flycatcher
7222,Winter Wren,House Wren
7221,Pacific Wren,House Wren
7222,Winter Wren,Marsh Wren
7221,Pacific Wren,Marsh Wren
7222,Winter Wren,Sedge Wren
6390,Worm-eating Warbler,Blue-winged Warbler
6390,Worm-eating Warbler,Pine Warbler
6390,Worm-eating Warbler,Northern Parula
6390,Worm-eating Warbler,Prairie Warbler
6390,Worm-eating Warbler,Yellow Warbler
6390,Worm-eating Warbler,Common Yellowthroat
6390,Worm-eating Warbler,Yellow-breasted Chat
6390,Worm-eating Warbler,Hooded Warbler
7420,Wrentit,Oak Titmouse
7420,Wrentit,Bushtit
6830,Yellow-breasted Chat,Hooded Warbler
6830,Yellow-breasted Chat,Worm-eating Warbler
6830,Yellow-breasted Chat,Blue-winged Warbler
6830,Yellow-breasted Chat,Lucy's Warbler
6830,Yellow-breasted Chat,Black-throated Gray Warbler
6830,Yellow-breasted Chat,Hermit Warbler
6830,Yellow-breasted Chat,MacGillivray's Warbler
4970,Yellow-headed Blackbird,Red-winged Blackbird
6630,Yellow-throated Warbler,Black-and-white Warbler
6630,Yellow-throated Warbler,Prothonotary Warbler
6630,Yellow-throated Warbler,Pine Warbler
4560,Eastern Phoebe,Gray Kingbird
4949,Brown-headed Cowbird,Eastern Meadowlark
4950,Brown-headed Cowbird,Western Meadowlark
4960,Bronzed Cowbird,Great-tailed Grackle
5011,Western Meadowlark,Great-tailed Grackle
5080,Bullock's Oriole,Great-tailed Grackle
6110,Purple Martin,Cliff Swallow
6130,Barn Swallow,Cliff Swallow
6140,Tree Swallow,Cliff Swallow
6170,Northern Rough-winged Swallow,Cliff Swallow
7610,American Robin,Northern Wheatear
2890,Northern Bobwhite,Scaled Quail
2930,Scaled Quail,Gambel's Quail
2930,Scaled Quail,Northern Bobwhite
2930,Scaled Quail,Montezuma Quail
2940,California Quail,Mountain Quail
2950,Gambel's Quail,Scaled Quail
2950,Gambel's Quail,Montezuma Quail
3131,Rock Pigeon,Red-billed Pigeon
3131,Rock Pigeon,Band-tailed Pigeon
3131,Rock Pigeon,Eurasian Collared-Dove
3131,Rock Pigeon,White-winged Dove
3131,Rock Pigeon,Mourning Dove
3131,Rock Pigeon,Inca Dove
3131,Rock Pigeon,Common Ground-Dove
3160,Mourning Dove,Rock Pigeon
3160,Mourning Dove,Band-tailed Pigeon
3160,Mourning Dove,Eurasian Collared-Dove
3160,Mourning Dove,White-winged Dove
3160,Mourning Dove,Inca Dove
3160,Mourning Dove,Common Ground-Dove
3190,White-winged Dove,Rock Pigeon
3190,White-winged Dove,Band-tailed Pigeon
3190,White-winged Dove,Eurasian Collared-Dove
3190,White-winged Dove,Mourning Dove
3190,White-winged Dove,Inca Dove
3190,White-winged Dove,Common Ground-Dove
3200,Common Ground-Dove,Rock Pigeon
3200,Common Ground-Dove,Eurasian Collared-Dove
3200,Common Ground-Dove,White-winged Dove
3200,Common Ground-Dove,Mourning Dove
3200,Common Ground-Dove,Inca Dove
3200,Common Ground-Dove,White-tipped Dove
3870,Yellow-billed Cuckoo,Black-billed Cuckoo
3870,Yellow-billed Cuckoo,Greater Roadrunner
3930,Hairy Woodpecker,Lewis's Woodpecker
3930,Hairy Woodpecker,Red-headed Woodpecker
3930,Hairy Woodpecker,Acorn Woodpecker
3930,Hairy Woodpecker,Gila Woodpecker
3930,Hairy Woodpecker,Golden-fronted Woodpecker
3930,Hairy Woodpecker,Red-bellied Woodpecker
3930,Hairy Woodpecker,Williamson's Sapsucker
3930,Hairy Woodpecker,Yellow-bellied Sapsucker
3930,Hairy Woodpecker,Red-naped Sapsucker
3930,Hairy Woodpecker,Red-breasted Sapsucker
3930,Hairy Woodpecker,Ladder-backed Woodpecker
3930,Hairy Woodpecker,Nuttall's Woodpecker
3930,Hairy Woodpecker,Downy Woodpecker
3930,Hairy Woodpecker,Arizona Woodpecker
3930,Hairy Woodpecker,Red-cockaded Woodpecker
3930,Hairy Woodpecker,White-headed Woodpecker
3930,Hairy Woodpecker,American Three-toed Woodpecker
3930,Hairy Woodpecker,Black-backed Woodpecker
3930,Hairy Woodpecker,Northern Flicker
3930,Hairy Woodpecker,Gilded Flicker
3930,Hairy Woodpecker,Pileated Woodpecker
3940,Downy Woodpecker,Lewis's Woodpecker
3940,Downy Woodpecker,Red-headed Woodpecker
3940,Downy Woodpecker,Acorn Woodpecker
3940,Downy Woodpecker,Golden-fronted Woodpecker
3940,Downy Woodpecker,Red-bellied Woodpecker
3940,Downy Woodpecker,Williamson's Sapsucker
3940,Downy Woodpecker,Yellow-bellied Sapsucker
3940,Downy Woodpecker,Red-naped Sapsucker
3940,Downy Woodpecker,Red-breasted Sapsucker
3940,Downy Woodpecker,Ladder-backed Woodpecker
3940,Downy Woodpecker,Nuttall's Woodpecker
3940,Downy Woodpecker,Hairy Woodpecker
3940,Downy Woodpecker,Red-cockaded Woodpecker
3940,Downy Woodpecker,White-headed Woodpecker
3940,Downy Woodpecker,American Three-toed Woodpecker
3940,Downy Woodpecker,Black-backed Woodpecker
3940,Downy Woodpecker,Northern Flicker
3940,Downy Woodpecker,Pileated Woodpecker
3960,Ladder-backed Woodpecker,Lewis's Woodpecker
3960,Ladder-backed Woodpecker,Red-headed Woodpecker
3960,Ladder-backed Woodpecker,Acorn Woodpecker
3960,Ladder-backed Woodpecker,Gila Woodpecker
3960,Ladder-backed Woodpecker,Golden-fronted Woodpecker
3960,Ladder-backed Woodpecker,Red-bellied Woodpecker
3960,Ladder-backed Woodpecker,Red-naped Sapsucker
3960,Ladder-backed Woodpecker,Nuttall's Woodpecker
3960,Ladder-backed Woodpecker,Downy Woodpecker
3960,Ladder-backed Woodpecker,Hairy Woodpecker
3960,Ladder-backed Woodpecker,Arizona Woodpecker
3960,Ladder-backed Woodpecker,White-headed Woodpecker
3960,Ladder-backed Woodpecker,American Three-toed Woodpecker
3960,Ladder-backed Woodpecker,Northern Flicker
3960,Ladder-backed Woodpecker,Gilded Flicker
3960,Ladder-backed Woodpecker,Pileated Woodpecker
3970,Nuttall's Woodpecker,Lewis's Woodpecker
3970,Nuttall's Woodpecker,Acorn Woodpecker
3970,Nuttall's Woodpecker,Williamson's Sapsucker
3970,Nuttall's Woodpecker,Red-breasted Sapsucker
3970,Nuttall's Woodpecker,Ladder-backed Woodpecker
3970,Nuttall's Woodpecker,Downy Woodpecker
3970,Nuttall's Woodpecker,Hairy Woodpecker
3970,Nuttall's Woodpecker,White-headed Woodpecker
3970,Nuttall's Woodpecker,Black-backed Woodpecker
3970,Nuttall's Woodpecker,Northern Flicker
3970,Nuttall's Woodpecker,Pileated Woodpecker
4020,Yellow-bellied Sapsucker,Red-headed Woodpecker
4020,Yellow-bellied Sapsucker,Red-bellied Woodpecker
4020,Yellow-bellied Sapsucker,Downy Woodpecker
4020,Yellow-bellied Sapsucker,Hairy Woodpecker
4020,Yellow-bellied Sapsucker,American Three-toed Woodpecker
4020,Yellow-bellied Sapsucker,Black-backed Woodpecker
4020,Yellow-bellied Sapsucker,Northern Flicker
4020,Yellow-bellied Sapsucker,Pileated Woodpecker
4050,Pileated Woodpecker,Lewis's Woodpecker
4050,Pileated Woodpecker,Red-headed Woodpecker
4050,Pileated Woodpecker,Acorn Woodpecker
4050,Pileated Woodpecker,Golden-fronted Woodpecker
4050,Pileated Woodpecker,Red-bellied Woodpecker
4050,Pileated Woodpecker,Williamson's Sapsucker
4050,Pileated Woodpecker,Yellow-bellied Sapsucker
4050,Pileated Woodpecker,Red-naped Sapsucker
4050,Pileated Woodpecker,Red-breasted Sapsucker
4050,Pileated Woodpecker,Ladder-backed Woodpecker
4050,Pileated Woodpecker,Nuttall's Woodpecker
4050,Pileated Woodpecker,Downy Woodpecker
4050,Pileated Woodpecker,Hairy Woodpecker
4050,Pileated Woodpecker,Red-cockaded Woodpecker
4050,Pileated Woodpecker,White-headed Woodpecker
4050,Pileated Woodpecker,American Three-toed Woodpecker
4050,Pileated Woodpecker,Black-backed Woodpecker
4050,Pileated Woodpecker,Northern Flicker
4090,Red-bellied Woodpecker,Red-headed Woodpecker
4090,Red-bellied Woodpecker,Golden-fronted Woodpecker
4090,Red-bellied Woodpecker,Yellow-bellied Sapsucker
4090,Red-bellied Woodpecker,Ladder-backed Woodpecker
4090,Red-bellied Woodpecker,Downy Woodpecker
4090,Red-bellied Woodpecker,Hairy Woodpecker
4090,Red-bellied Woodpecker,Red-cockaded Woodpecker
4090,Red-bellied Woodpecker,Black-backed Woodpecker
4090,Red-bellied Woodpecker,Northern Flicker
4090,Red-bellied Woodpecker,Pileated Woodpecker
4100,Golden-fronted Woodpecker,Red-headed Woodpecker
4100,Golden-fronted Woodpecker,Acorn Woodpecker
4100,Golden-fronted Woodpecker,Red-bellied Woodpecker
4100,Golden-fronted Woodpecker,Red-naped Sapsucker
4100,Golden-fronted Woodpecker,Ladder-backed Woodpecker
4100,Golden-fronted Woodpecker,Downy Woodpecker
4100,Golden-fronted Woodpecker,Hairy Woodpecker
4100,Golden-fronted Woodpecker,Northern Flicker
4100,Golden-fronted Woodpecker,Pileated Woodpecker
4110,Gila Woodpecker,Acorn Woodpecker
4110,Gila Woodpecker,Red-naped Sapsucker
4110,Gila Woodpecker,Ladder-backed Woodpecker
4110,Gila Woodpecker,Hairy Woodpecker
4110,Gila Woodpecker,Arizona Woodpecker
4110,Gila Woodpecker,Northern Flicker
4110,Gila Woodpecker,Gilded Flicker
4120,Northern Flicker,Lewis's Woodpecker
4120,Northern Flicker,Red-headed Woodpecker
4120,Northern Flicker,Acorn Woodpecker
4120,Northern Flicker,Gila Woodpecker
4120,Northern Flicker,Golden-fronted Woodpecker
4120,Northern Flicker,Red-bellied Woodpecker
4120,Northern Flicker,Williamson's Sapsucker
4120,Northern Flicker,Yellow-bellied Sapsucker
4120,Northern Flicker,Red-naped Sapsucker
4120,Northern Flicker,Red-breasted Sapsucker
4120,Northern Flicker,Ladder-backed Woodpecker
4120,Northern Flicker,Nuttall's Woodpecker
4120,Northern Flicker,Downy Woodpecker
4120,Northern Flicker,Hairy Woodpecker
4120,Northern Flicker,Arizona Woodpecker
4120,Northern Flicker,Red-cockaded Woodpecker
4120,Northern Flicker,White-headed Woodpecker
4120,Northern Flicker,American Three-toed Woodpecker
4120,Northern Flicker,Black-backed Woodpecker
4120,Northern Flicker,Gilded Flicker
4120,Northern Flicker,Pileated Woodpecker
4430,Scissor-tailed Flycatcher,Northern Beardless-Tyrannulet
4430,Scissor-tailed Flycatcher,Olive-sided Flycatcher
4430,Scissor-tailed Flycatcher,Western Wood-Pewee
4430,Scissor-tailed Flycatcher,Eastern Wood-Pewee
4430,Scissor-tailed Flycatcher,Acadian Flycatcher
4430,Scissor-tailed Flycatcher,Alder Flycatcher
4430,Scissor-tailed Flycatcher,Willow Flycatcher
4430,Scissor-tailed Flycatcher,Least Flycatcher
4430,Scissor-tailed Flycatcher,Gray Flycatcher
4430,Scissor-tailed Flycatcher,Cordilleran Flycatcher
4430,Scissor-tailed Flycatcher,Buff-breasted Flycatcher
4430,Scissor-tailed Flycatcher,Black Phoebe
4430,Scissor-tailed Flycatcher,Eastern Phoebe
4430,Scissor-tailed Flycatcher,Say's Phoebe
4430,Scissor-tailed Flycatcher,Vermilion Flycatcher
4430,Scissor-tailed Flycatcher,Dusky-capped Flycatcher
4430,Scissor-tailed Flycatcher,Ash-throated Flycatcher
4430,Scissor-tailed Flycatcher,Great Crested Flycatcher
4430,Scissor-tailed Flycatcher,Brown-crested Flycatcher
4430,Scissor-tailed Flycatcher,Great Kiskadee
4430,Scissor-tailed Flycatcher,Tropical Kingbird
4430,Scissor-tailed Flycatcher,Couch's Kingbird
4430,Scissor-tailed Flycatcher,Cassin's Kingbird
4430,Scissor-tailed Flycatcher,Western Kingbird
4430,Scissor-tailed Flycatcher,Eastern Kingbird
4440,Eastern Kingbird,Northern Beardless-Tyrannulet
4440,Eastern Kingbird,Olive-sided Flycatcher
4440,Eastern Kingbird,Western Wood-Pewee
4440,Eastern Kingbird,Eastern Wood-Pewee
4440,Eastern Kingbird,Yellow-bellied Flycatcher
4440,Eastern Kingbird,Acadian Flycatcher
4440,Eastern Kingbird,Alder Flycatcher
4440,Eastern Kingbird,Willow Flycatcher
4440,Eastern Kingbird,Least Flycatcher
4440,Eastern Kingbird,Hammond's Flycatcher
4440,Eastern Kingbird,Gray Flycatcher
4440,Eastern Kingbird,Dusky Flycatcher
4440,Eastern Kingbird,Pacific-slope Flycatcher
4440,Eastern Kingbird,Cordilleran Flycatcher
4440,Eastern Kingbird,Black Phoebe
4440,Eastern Kingbird,Eastern Phoebe
4440,Eastern Kingbird,Say's Phoebe
4440,Eastern Kingbird,Vermilion Flycatcher
4440,Eastern Kingbird,Ash-throated Flycatcher
4440,Eastern Kingbird,Great Crested Flycatcher
4440,Eastern Kingbird,Brown-crested Flycatcher
4440,Eastern Kingbird,Great Kiskadee
4440,Eastern Kingbird,Couch's Kingbird
4440,Eastern Kingbird,Cassin's Kingbird
4440,Eastern Kingbird,Western Kingbird
4440,Eastern Kingbird,Gray Kingbird
4440,Eastern Kingbird,Scissor-tailed Flycatcher
4470,Western Kingbird,Northern Beardless-Tyrannulet
4470,Western Kingbird,Olive-sided Flycatcher
4470,Western Kingbird,Greater Pewee
4470,Western Kingbird,Western Wood-Pewee
4470,Western Kingbird,Eastern Wood-Pewee
4470,Western Kingbird,Yellow-bellied Flycatcher
4470,Western Kingbird,Acadian Flycatcher
4470,Western Kingbird,Alder Flycatcher
4470,Western Kingbird,Willow Flycatcher
4470,Western Kingbird,Least Flycatcher
4470,Western Kingbird,Hammond's Flycatcher
4470,Western Kingbird,Gray Flycatcher
4470,Western Kingbird,Dusky Flycatcher
4470,Western Kingbird,Pacific-slope Flycatcher
4470,Western Kingbird,Cordilleran Flycatcher
4470,Western Kingbird,Buff-breasted Flycatcher
4470,Western Kingbird,Black Phoebe
4470,Western Kingbird,Eastern Phoebe
4470,Western Kingbird,Say's Phoebe
4470,Western Kingbird,Vermilion Flycatcher
4470,Western Kingbird,Dusky-capped Flycatcher
4470,Western Kingbird,Ash-throated Flycatcher
4470,Western Kingbird,Great Crested Flycatcher
4470,Western Kingbird,Brown-crested Flycatcher
4470,Western Kingbird,Great Kiskadee
4470,Western Kingbird,Sulphur-bellied Flycatcher
4470,Western Kingbird,Tropical Kingbird
4470,Western Kingbird,Couch's Kingbird
4470,Western Kingbird,Cassin's Kingbird
4470,Western Kingbird,Thick-billed Kingbird
4470,Western Kingbird,Eastern Kingbird
4470,Western Kingbird,Scissor-tailed Flycatcher
4470,Western Kingbird,Rose-throated Becard
4520,Great Crested Flycatcher,Olive-sided Flycatcher
4520,Great Crested Flycatcher,Western Wood-Pewee
4520,Great Crested Flycatcher,Eastern Wood-Pewee
4520,Great Crested Flycatcher,Yellow-bellied Flycatcher
4520,Great Crested Flycatcher,Acadian Flycatcher
4520,Great Crested Flycatcher,Alder Flycatcher
4520,Great Crested Flycatcher,Willow Flycatcher
4520,Great Crested Flycatcher,Least Flycatcher
4520,Great Crested Flycatcher,Hammond's Flycatcher
4520,Great Crested Flycatcher,Dusky Flycatcher
4520,Great Crested Flycatcher,Cordilleran Flycatcher
4520,Great Crested Flycatcher,Black Phoebe
4520,Great Crested Flycatcher,Eastern Phoebe
4520,Great Crested Flycatcher,Say's Phoebe
4520,Great Crested Flycatcher,Vermilion Flycatcher
4520,Great Crested Flycatcher,Ash-throated Flycatcher
4520,Great Crested Flycatcher,Brown-crested Flycatcher
4520,Great Crested Flycatcher,Great Kiskadee
4520,Great Crested Flycatcher,Couch's Kingbird
4520,Great Crested Flycatcher,Cassin's Kingbird
4520,Great Crested Flycatcher,Western Kingbird
4520,Great Crested Flycatcher,Eastern Kingbird
4520,Great Crested Flycatcher,Gray Kingbird
4520,Great Crested Flycatcher,Scissor-tailed Flycatcher
4560,Eastern Phoebe,Northern Beardless-Tyrannulet
4560,Eastern Phoebe,Olive-sided Flycatcher
4560,Eastern Phoebe,Western Wood-Pewee
4560,Eastern Phoebe,Eastern Wood-Pewee
4560,Eastern Phoebe,Yellow-bellied Flycatcher
4560,Eastern Phoebe,Acadian Flycatcher
4560,Eastern Phoebe,Alder Flycatcher
4560,Eastern Phoebe,Willow Flycatcher
4560,Eastern Phoebe,Least Flycatcher
4560,Eastern Phoebe,Hammond's Flycatcher
4560,Eastern Phoebe,Cordilleran Flycatcher
4560,Eastern Phoebe,Black Phoebe
4560,Eastern Phoebe,Say's Phoebe
4560,Eastern Phoebe,Vermilion Flycatcher
4560,Eastern Phoebe,Ash-throated Flycatcher
4560,Eastern Phoebe,Great Crested Flycatcher
4560,Eastern Phoebe,Brown-crested Flycatcher
4560,Eastern Phoebe,Great Kiskadee
4560,Eastern Phoebe,Tropical Kingbird
4560,Eastern Phoebe,Couch's Kingbird
4560,Eastern Phoebe,Cassin's Kingbird
4560,Eastern Phoebe,Western Kingbird
4560,Eastern Phoebe,Eastern Kingbird
4560,Eastern Phoebe,Scissor-tailed Flycatcher
4610,Eastern Wood-Pewee,Olive-sided Flycatcher
4610,Eastern Wood-Pewee,Western Wood-Pewee
4610,Eastern Wood-Pewee,Yellow-bellied Flycatcher
4610,Eastern Wood-Pewee,Acadian Flycatcher
4610,Eastern Wood-Pewee,Alder Flycatcher
4610,Eastern Wood-Pewee,Willow Flycatcher
4610,Eastern Wood-Pewee,Least Flycatcher
4610,Eastern Wood-Pewee,Black Phoebe
4610,Eastern Wood-Pewee,Eastern Phoebe
4610,Eastern Wood-Pewee,Say's Phoebe
4610,Eastern Wood-Pewee,Vermilion Flycatcher
4610,Eastern Wood-Pewee,Ash-throated Flycatcher
4610,Eastern Wood-Pewee,Great Crested Flycatcher
4610,Eastern Wood-Pewee,Brown-crested Flycatcher
4610,Eastern Wood-Pewee,Great Kiskadee
4610,Eastern Wood-Pewee,Couch's Kingbird
4610,Eastern Wood-Pewee,Western Kingbird
4610,Eastern Wood-Pewee,Eastern Kingbird
4610,Eastern Wood-Pewee,Gray Kingbird
4610,Eastern Wood-Pewee,Scissor-tailed Flycatcher
4620,Western Wood-Pewee,Northern Beardless-Tyrannulet
4620,Western Wood-Pewee,Olive-sided Flycatcher
4620,Western Wood-Pewee,Greater Pewee
4620,Western Wood-Pewee,Eastern Wood-Pewee
4620,Western Wood-Pewee,Yellow-bellied Flycatcher
4620,Western Wood-Pewee,Alder Flycatcher
4620,Western Wood-Pewee,Willow Flycatcher
4620,Western Wood-Pewee,Least Flycatcher
4620,Western Wood-Pewee,Hammond's Flycatcher
4620,Western Wood-Pewee,Gray Flycatcher
4620,Western Wood-Pewee,Dusky Flycatcher
4620,Western Wood-Pewee,Pacific-slope Flycatcher
4620,Western Wood-Pewee,Cordilleran Flycatcher
4620,Western Wood-Pewee,Buff-breasted Flycatcher
4620,Western Wood-Pewee,Black Phoebe
4620,Western Wood-Pewee,Eastern Phoebe
4620,Western Wood-Pewee,Say's Phoebe
4620,Western Wood-Pewee,Vermilion Flycatcher
4620,Western Wood-Pewee,Dusky-capped Flycatcher
4620,Western Wood-Pewee,Ash-throated Flycatcher
4620,Western Wood-Pewee,Great Crested Flycatcher
4620,Western Wood-Pewee,Brown-crested Flycatcher
4620,Western Wood-Pewee,Sulphur-bellied Flycatcher
4620,Western Wood-Pewee,Tropical Kingbird
4620,Western Wood-Pewee,Cassin's Kingbird
4620,Western Wood-Pewee,Thick-billed Kingbird
4620,Western Wood-Pewee,Western Kingbird
4620,Western Wood-Pewee,Eastern Kingbird
4620,Western Wood-Pewee,Scissor-tailed Flycatcher
4620,Western Wood-Pewee,Rose-throated Becard
4641,Pacific-slope Flycatcher,Olive-sided Flycatcher
4641,Pacific-slope Flycatcher,Western Wood-Pewee
4641,Pacific-slope Flycatcher,Yellow-bellied Flycatcher
4641,Pacific-slope Flycatcher,Alder Flycatcher
4641,Pacific-slope Flycatcher,Willow Flycatcher
4641,Pacific-slope Flycatcher,Least Flycatcher
4641,Pacific-slope Flycatcher,Hammond's Flycatcher
4641,Pacific-slope Flycatcher,Gray Flycatcher
4641,Pacific-slope Flycatcher,Dusky Flycatcher
4641,Pacific-slope Flycatcher,Cordilleran Flycatcher
4641,Pacific-slope Flycatcher,Black Phoebe
4641,Pacific-slope Flycatcher,Say's Phoebe
4641,Pacific-slope Flycatcher,Vermilion Flycatcher
4641,Pacific-slope Flycatcher,Ash-throated Flycatcher
4641,Pacific-slope Flycatcher,Brown-crested Flycatcher
4641,Pacific-slope Flycatcher,Cassin's Kingbird
4641,Pacific-slope Flycatcher,Western Kingbird
4641,Pacific-slope Flycatcher,Eastern Kingbird
4670,Least Flycatcher,Olive-sided Flycatcher
4670,Least Flycatcher,Western Wood-Pewee
4670,Least Flycatcher,Eastern Wood-Pewee
4670,Least Flycatcher,Yellow-bellied Flycatcher
4670,Least Flycatcher,Acadian Flycatcher
4670,Least Flycatcher,Alder Flycatcher
4670,Least Flycatcher,Willow Flycatcher
4670,Least Flycatcher,Hammond's Flycatcher
4670,Least Flycatcher,Dusky Flycatcher
4670,Least Flycatcher,Pacific-slope Flycatcher
4670,Least Flycatcher,Cordilleran Flycatcher
4670,Least Flycatcher,Eastern Phoebe
4670,Least Flycatcher,Say's Phoebe
4670,Least Flycatcher,Dusky-capped Flycatcher
4670,Least Flycatcher,Ash-throated Flycatcher
4670,Least Flycatcher,Great Crested Flycatcher
4670,Least Flycatcher,Cassin's Kingbird
4670,Least Flycatcher,Western Kingbird
4670,Least Flycatcher,Eastern Kingbird
4670,Least Flycatcher,Scissor-tailed Flycatcher
4750,Black-billed Magpie,Gray Jay
4750,Black-billed Magpie,Steller's Jay
4750,Black-billed Magpie,Blue Jay
4750,Black-billed Magpie,Western Scrub-Jay
4750,Black-billed Magpie,Mexican Jay
4750,Black-billed Magpie,Pinyon Jay
4750,Black-billed Magpie,Clark's Nutcracker
4750,Black-billed Magpie,Yellow-billed Magpie
4750,Black-billed Magpie,American Crow
4750,Black-billed Magpie,Common Raven
4770,Blue Jay,Gray Jay
4770,Blue Jay,Florida Scrub-Jay
4770,Blue Jay,Western Scrub-Jay
4770,Blue Jay,Pinyon Jay
4770,Blue Jay,Clark's Nutcracker
4770,Blue Jay,Black-billed Magpie
4770,Blue Jay,American Crow
4770,Blue Jay,Fish Crow
4770,Blue Jay,Chihuahuan Raven
4770,Blue Jay,Common Raven
4860,Common Raven,Gray Jay
4860,Common Raven,Steller's Jay
4860,Common Raven,Blue Jay
4860,Common Raven,Western Scrub-Jay
4860,Common Raven,Mexican Jay
4860,Common Raven,Pinyon Jay
4860,Common Raven,Clark's Nutcracker
4860,Common Raven,Black-billed Magpie
4860,Common Raven,Yellow-billed Magpie
4860,Common Raven,American Crow
4860,Common Raven,Northwestern Crow
4860,Common Raven,Fish Crow
4860,Common Raven,Chihuahuan Raven
4880,American Crow,Gray Jay
4880,American Crow,Steller's Jay
4880,American Crow,Blue Jay
4880,American Crow,Florida Scrub-Jay
4880,American Crow,Western Scrub-Jay
4880,American Crow,Mexican Jay
4880,American Crow,Pinyon Jay
4880,American Crow,Clark's Nutcracker
4880,American Crow,Black-billed Magpie
4880,American Crow,Yellow-billed Magpie
4880,American Crow,Fish Crow
4880,American Crow,Chihuahuan Raven
4880,American Crow,Common Raven
4900,Fish Crow,Blue Jay
4900,Fish Crow,Florida Scrub-Jay
4900,Fish Crow,American Crow
4900,Fish Crow,Common Raven
4940,Bobolink,Red-winged Blackbird
4940,Bobolink,Eastern Meadowlark
4940,Bobolink,Western Meadowlark
4940,Bobolink,Eastern Meadowlark
4940,Bobolink,Yellow-headed Blackbird
4940,Bobolink,Rusty Blackbird
4940,Bobolink,Brewer's Blackbird
4940,Bobolink,Common Grackle
4940,Bobolink,Boat-tailed Grackle
4940,Bobolink,Brown-headed Cowbird
4940,Bobolink,Orchard Oriole
4940,Bobolink,Bullock's Oriole
4940,Bobolink,Baltimore Oriole
4940,Bobolink,Scott's Oriole
4950,Brown-headed Cowbird,Bobolink
4950,Brown-headed Cowbird,Red-winged Blackbird
4950,Brown-headed Cowbird,Tricolored Blackbird
4950,Brown-headed Cowbird,Eastern Meadowlark
4950,Brown-headed Cowbird,Western Meadowlark
4950,Brown-headed Cowbird,Yellow-headed Blackbird
4950,Brown-headed Cowbird,Rusty Blackbird
4950,Brown-headed Cowbird,Brewer's Blackbird
4950,Brown-headed Cowbird,Common Grackle
4950,Brown-headed Cowbird,Boat-tailed Grackle
4950,Brown-headed Cowbird,Great-tailed Grackle
4950,Brown-headed Cowbird,Great-tailed Grack
4950,Brown-headed Cowbird,Shiny Cowbird
4950,Brown-headed Cowbird,Bronzed Cowbird
4950,Brown-headed Cowbird,Orchard Oriole
4950,Brown-headed Cowbird,Hooded Oriole
4950,Brown-headed Cowbird,Bullock's Oriole
4950,Brown-headed Cowbird,Spot-breasted Oriole
4950,Brown-headed Cowbird,Altamira Oriole
4950,Brown-headed Cowbird,Baltimore Oriole
4950,Brown-headed Cowbird,Scott's Oriole
4960,Bronzed Cowbird,Red-winged Blackbird
4960,Bronzed Cowbird,Eastern Meadowlark
4960,Bronzed Cowbird,Western Meadowlark
4960,Bronzed Cowbird,Eastern Meadowlark
4960,Bronzed Cowbird,Yellow-headed Blackbird
4960,Bronzed Cowbird,Brewer's Blackbird
4960,Bronzed Cowbird,Common Grackle
4960,Bronzed Cowbird,Great-tailed Grackle
4960,Bronzed Cowbird,Brown-headed Cowbird
4960,Bronzed Cowbird,Orchard Oriole
4960,Bronzed Cowbird,Hooded Oriole
4960,Bronzed Cowbird,Bullock's Oriole
4960,Bronzed Cowbird,Altamira Oriole
4960,Bronzed Cowbird,Baltimore Oriole
4960,Bronzed Cowbird,Scott's Oriole
4980,Red-winged Blackbird,Bobolink
4980,Red-winged Blackbird,Tricolored Blackbird
4980,Red-winged Blackbird,Eastern Meadowlark
4980,Red-winged Blackbird,Western Meadowlark
4980,Red-winged Blackbird,Yellow-headed Blackbird
4980,Red-winged Blackbird,Rusty Blackbird
4980,Red-winged Blackbird,Brewer's Blackbird
4980,Red-winged Blackbird,Common Grackle
4980,Red-winged Blackbird,Boat-tailed Grackle
4980,Red-winged Blackbird,Great-tailed Grackle
4980,Red-winged Blackbird,Shiny Cowbird
4980,Red-winged Blackbird,Bronzed Cowbird
4980,Red-winged Blackbird,Brown-headed Cowbird
4980,Red-winged Blackbird,Orchard Oriole
4980,Red-winged Blackbird,Hooded Oriole
4980,Red-winged Blackbird,Bullock's Oriole
4980,Red-winged Blackbird,Spot-breasted Oriole
4980,Red-winged Blackbird,Altamira Oriole
4980,Red-winged Blackbird,Baltimore Oriole
4980,Red-winged Blackbird,Scott's Oriole
5010,Eastern Meadowlark,Bobolink
5010,Eastern Meadowlark,Red-winged Blackbird
5010,Eastern Meadowlark,Western Meadowlark
5010,Eastern Meadowlark,Yellow-headed Blackbird
5010,Eastern Meadowlark,Rusty Blackbird
5010,Eastern Meadowlark,Brewer's Blackbird
5010,Eastern Meadowlark,Common Grackle
5010,Eastern Meadowlark,Boat-tailed Grackle
5010,Eastern Meadowlark,Great-tailed Grackle
5010,Eastern Meadowlark,Shiny Cowbird
5010,Eastern Meadowlark,Bronzed Cowbird
5010,Eastern Meadowlark,Brown-headed Cowbird
5010,Eastern Meadowlark,Orchard Oriole
5010,Eastern Meadowlark,Hooded Oriole
5010,Eastern Meadowlark,Bullock's Oriole
5010,Eastern Meadowlark,Spot-breasted Oriole
5010,Eastern Meadowlark,Altamira Oriole
5010,Eastern Meadowlark,Baltimore Oriole
5010,Eastern Meadowlark,Scott's Oriole
5011,Western Meadowlark,Bobolink
5011,Western Meadowlark,Red-winged Blackbird
5011,Western Meadowlark,Tricolored Blackbird
5011,Western Meadowlark,Eastern Meadowlark
5011,Western Meadowlark,Yellow-headed Blackbird
5011,Western Meadowlark,Rusty Blackbird
5011,Western Meadowlark,Brewer's Blackbird
5011,Western Meadowlark,Common Grackle
5011,Western Meadowlark,Great-tailed Grackle
5011,Western Meadowlark,Bronzed Cowbird
5011,Western Meadowlark,Brown-headed Cowbird
5011,Western Meadowlark,Orchard Oriole
5011,Western Meadowlark,Hooded Oriole
5011,Western Meadowlark,Bullock's Oriole
5011,Western Meadowlark,Altamira Oriole
5011,Western Meadowlark,Baltimore Oriole
5011,Western Meadowlark,Scott's Oriole
5060,Orchard Oriole,Bobolink
5060,Orchard Oriole,Red-winged Blackbird
5060,Orchard Oriole,Eastern Meadowlark
5060,Orchard Oriole,Western Meadowlark
5060,Orchard Oriole,Yellow-headed Blackbird
5060,Orchard Oriole,Rusty Blackbird
5060,Orchard Oriole,Brewer's Blackbird
5060,Orchard Oriole,Common Grackle
5060,Orchard Oriole,Boat-tailed Grackle
5060,Orchard Oriole,Great-tailed Grackle
5060,Orchard Oriole,Bronzed Cowbird
5060,Orchard Oriole,Brown-headed Cowbird
5060,Orchard Oriole,Hooded Oriole
5060,Orchard Oriole,Bullock's Oriole
5060,Orchard Oriole,Altamira Oriole
5060,Orchard Oriole,Baltimore Oriole
5060,Orchard Oriole,Scott's Oriole
5070,Baltimore Oriole,Bobolink
5070,Baltimore Oriole,Red-winged Blackbird
5070,Baltimore Oriole,Tricolored Blackbird
5070,Baltimore Oriole,Eastern Meadowlark
5070,Baltimore Oriole,Western Meadowlark
5070,Baltimore Oriole,Yellow-headed Blackbird
5070,Baltimore Oriole,Rusty Blackbird
5070,Baltimore Oriole,Brewer's Blackbird
5070,Baltimore Oriole,Common Grackle
5070,Baltimore Oriole,Boat-tailed Grackle
5070,Baltimore Oriole,Great-tailed Grackle
5070,Baltimore Oriole,Shiny Cowbird
5070,Baltimore Oriole,Bronzed Cowbird
5070,Baltimore Oriole,Brown-headed Cowbird
5070,Baltimore Oriole,Orchard Oriole
5070,Baltimore Oriole,Hooded Oriole
5070,Baltimore Oriole,Bullock's Oriole
5070,Baltimore Oriole,Spot-breasted Oriole
5070,Baltimore Oriole,Altamira Oriole
5070,Baltimore Oriole,Scott's Oriole
5080,Bullock's Oriole,Bobolink
5080,Bullock's Oriole,Red-winged Blackbird
5080,Bullock's Oriole,Tricolored Blackbird
5080,Bullock's Oriole,Eastern Meadowlark
5080,Bullock's Oriole,Western Meadowlark
5080,Bullock's Oriole,Yellow-headed Blackbird
5080,Bullock's Oriole,Brewer's Blackbird
5080,Bullock's Oriole,Common Grackle
5080,Bullock's Oriole,Great-tailed Grackle
5080,Bullock's Oriole,Bronzed Cowbird
5080,Bullock's Oriole,Brown-headed Cowbird
5080,Bullock's Oriole,Orchard Oriole
5080,Bullock's Oriole,Hooded Oriole
5080,Bullock's Oriole,Altamira Oriole
5080,Bullock's Oriole,Baltimore Oriole
5080,Bullock's Oriole,Scott's Oriole
5100,Brewer's Blackbird,Bobolink
5100,Brewer's Blackbird,Red-winged Blackbird
5100,Brewer's Blackbird,Tricolored Blackbird
5100,Brewer's Blackbird,Eastern Meadowlark
5100,Brewer's Blackbird,Western Meadowlark
5100,Brewer's Blackbird,Yellow-headed Blackbird
5100,Brewer's Blackbird,Rusty Blackbird
5100,Brewer's Blackbird,Common Grackle
5100,Brewer's Blackbird,Boat-tailed Grackle
5100,Brewer's Blackbird,Great-tailed Grackle
5100,Brewer's Blackbird,Shiny Cowbird
5100,Brewer's Blackbird,Bronzed Cowbird
5100,Brewer's Blackbird,Brown-headed Cowbird
5100,Brewer's Blackbird,Orchard Oriole
5100,Brewer's Blackbird,Hooded Oriole
5100,Brewer's Blackbird,Bullock's Oriole
5100,Brewer's Blackbird,Spot-breasted Oriole
5100,Brewer's Blackbird,Altamira Oriole
5100,Brewer's Blackbird,Baltimore Oriole
5100,Brewer's Blackbird,Scott's Oriole
5110,Common Grackle,Bobolink
5110,Common Grackle,Red-winged Blackbird
5110,Common Grackle,Eastern Meadowlark
5110,Common Grackle,Western Meadowlark
5110,Common Grackle,Yellow-headed Blackbird
5110,Common Grackle,Rusty Blackbird
5110,Common Grackle,Brewer's Blackbird
5110,Common Grackle,Boat-tailed Grackle
5110,Common Grackle,Great-tailed Grackle
5110,Common Grackle,Shiny Cowbird
5110,Common Grackle,Bronzed Cowbird
5110,Common Grackle,Brown-headed Cowbird
5110,Common Grackle,Orchard Oriole
5110,Common Grackle,Bullock's Oriole
5110,Common Grackle,Spot-breasted Oriole
5110,Common Grackle,Altamira Oriole
5110,Common Grackle,Baltimore Oriole
5110,Common Grackle,Scott's Oriole
5130,Boat-tailed Grackle,Bobolink
5130,Boat-tailed Grackle,Red-winged Blackbird
5130,Boat-tailed Grackle,Eastern Meadowlark
5130,Boat-tailed Grackle,Rusty Blackbird
5130,Boat-tailed Grackle,Brewer's Blackbird
5130,Boat-tailed Grackle,Common Grackle
5130,Boat-tailed Grackle,Shiny Cowbird
5130,Boat-tailed Grackle,Brown-headed Cowbird
5130,Boat-tailed Grackle,Orchard Oriole
5130,Boat-tailed Grackle,Spot-breasted Oriole
5130,Boat-tailed Grackle,Baltimore Oriole
5170,Purple Finch,Gray-crowned Rosy-Finch
5170,Purple Finch,Pine Grosbeak
5170,Purple Finch,Cassin's Finch
5170,Purple Finch,House Finch
5170,Purple Finch,Red Crossbill
5170,Purple Finch,White-winged Crossbill
5170,Purple Finch,Common Redpoll
5170,Purple Finch,Pine Siskin
5170,Purple Finch,Lesser Goldfinch
5170,Purple Finch,Lawrence's Goldfinch
5170,Purple Finch,American Goldfinch
5170,Purple Finch,Evening Grosbeak
5190,House Finch,Gray-crowned Rosy-Finch
5190,House Finch,Black Rosy-Finch
5190,House Finch,Brown-capped Rosy-Finch
5190,House Finch,Pine Grosbeak
5190,House Finch,Purple Finch
5190,House Finch,Cassin's Finch
5190,House Finch,Red Crossbill
5190,House Finch,White-winged Crossbill
5190,House Finch,Common Redpoll
5190,House Finch,Pine Siskin
5190,House Finch,Lesser Goldfinch
5190,House Finch,Lawrence's Goldfinch
5190,House Finch,American Goldfinch
5190,House Finch,Evening Grosbeak
5280,Common Redpoll,Gray-crowned Rosy-Finch
5280,Common Redpoll,Pine Grosbeak
5280,Common Redpoll,Purple Finch
5280,Common Redpoll,Cassin's Finch
5280,Common Redpoll,House Finch
5280,Common Redpoll,Red Crossbill
5280,Common Redpoll,White-winged Crossbill
5280,Common Redpoll,Pine Siskin
5280,Common Redpoll,American Goldfinch
5280,Common Redpoll,Evening Grosbeak
5290,American Goldfinch,Gray-crowned Rosy-Finch
5290,American Goldfinch,Black Rosy-Finch
5290,American Goldfinch,Brown-capped Rosy-Finch
5290,American Goldfinch,Pine Grosbeak
5290,American Goldfinch,Purple Finch
5290,American Goldfinch,Cassin's Finch
5290,American Goldfinch,House Finch
5290,American Goldfinch,Red Crossbill
5290,American Goldfinch,White-winged Crossbill
5290,American Goldfinch,Common Redpoll
5290,American Goldfinch,Pine Siskin
5290,American Goldfinch,Lesser Goldfinch
5290,American Goldfinch,Lawrence's Goldfinch
5290,American Goldfinch,Evening Grosbeak
5420,Savannah Sparrow,Yellow-faced Grassquit
5420,Savannah Sparrow,Olive Sparrow
5420,Savannah Sparrow,Green-tailed Towhee
5420,Savannah Sparrow,Spotted Towhee
5420,Savannah Sparrow,Eastern Towhee
5420,Savannah Sparrow,Canyon Towhee
5420,Savannah Sparrow,California Towhee
5420,Savannah Sparrow,Abert's Towhee
5420,Savannah Sparrow,Rufous-winged Sparrow
5420,Savannah Sparrow,Cassin's Sparrow
5420,Savannah Sparrow,Bachman's Sparrow
5420,Savannah Sparrow,Botteri's Sparrow
5420,Savannah Sparrow,Rufous-crowned Sparrow
5420,Savannah Sparrow,Five-striped Sparrow
5420,Savannah Sparrow,American Tree Sparrow
5420,Savannah Sparrow,Chipping Sparrow
5420,Savannah Sparrow,Clay-colored Sparrow
5420,Savannah Sparrow,Brewer's Sparrow
5420,Savannah Sparrow,Field Sparrow
5420,Savannah Sparrow,Black-chinned Sparrow
5420,Savannah Sparrow,Vesper Sparrow
5420,Savannah Sparrow,Lark Sparrow
5420,Savannah Sparrow,Black-throated Sparrow
5420,Savannah Sparrow,Sage Sparrow
5420,Savannah Sparrow,Lark Bunting
5420,Savannah Sparrow,Grasshopper Sparrow
5420,Savannah Sparrow,Baird's Sparrow
5420,Savannah Sparrow,Henslow's Sparrow
5420,Savannah Sparrow,Le Conte's Sparrow
5420,Savannah Sparrow,Nelson's Sharp-tailed Sparrow
5420,Savannah Sparrow,Saltmarsh Sharp-tailed Sparrow
5420,Savannah Sparrow,Seaside Sparrow
5420,Savannah Sparrow,Fox Sparrow
5420,Savannah Sparrow,Song Sparrow
5420,Savannah Sparrow,Lincoln's Sparrow
5420,Savannah Sparrow,Swamp Sparrow
5420,Savannah Sparrow,White-throated Sparrow
5420,Savannah Sparrow,Harris's Sparrow
5420,Savannah Sparrow,White-crowned Sparrow
5420,Savannah Sparrow,Golden-crowned Sparrow
5420,Savannah Sparrow,Dark-eyed Junco
5420,Savannah Sparrow,McCown's Longspur
5420,Savannah Sparrow,Lapland Longspur
5420,Savannah Sparrow,Smith's Longspur
5420,Savannah Sparrow,Chestnut-collared Longspur
5420,Savannah Sparrow,Snow Bunting
5580,White-throated Sparrow,White-collared Seedeater
5580,White-throated Sparrow,Olive Sparrow
5580,White-throated Sparrow,Green-tailed Towhee
5580,White-throated Sparrow,Spotted Towhee
5580,White-throated Sparrow,Eastern Towhee
5580,White-throated Sparrow,Canyon Towhee
5580,White-throated Sparrow,California Towhee
5580,White-throated Sparrow,Abert's Towhee
5580,White-throated Sparrow,Cassin's Sparrow
5580,White-throated Sparrow,Bachman's Sparrow
5580,White-throated Sparrow,Rufous-crowned Sparrow
5580,White-throated Sparrow,American Tree Sparrow
5580,White-throated Sparrow,Chipping Sparrow
5580,White-throated Sparrow,Clay-colored Sparrow
5580,White-throated Sparrow,Brewer's Sparrow
5580,White-throated Sparrow,Field Sparrow
5580,White-throated Sparrow,Black-chinned Sparrow
5580,White-throated Sparrow,Vesper Sparrow
5580,White-throated Sparrow,Lark Sparrow
5580,White-throated Sparrow,Black-throated Sparrow
5580,White-throated Sparrow,Sage Sparrow
5580,White-throated Sparrow,Lark Bunting
5580,White-throated Sparrow,Savannah Sparrow
5580,White-throated Sparrow,Grasshopper Sparrow
5580,White-throated Sparrow,Baird's Sparrow
5580,White-throated Sparrow,Henslow's Sparrow
5580,White-throated Sparrow,Le Conte's Sparrow
5580,White-throated Sparrow,Nelson's Sharp-tailed Sparrow
5580,White-throated Sparrow,Saltmarsh Sharp-tailed Sparrow
5580,White-throated Sparrow,Seaside Sparrow
5580,White-throated Sparrow,Fox Sparrow
5580,White-throated Sparrow,Song Sparrow
5580,White-throated Sparrow,Lincoln's Sparrow
5580,White-throated Sparrow,Swamp Sparrow
5580,White-throated Sparrow,Harris's Sparrow
5580,White-throated Sparrow,White-crowned Sparrow
5580,White-throated Sparrow,Golden-crowned Sparrow
5580,White-throated Sparrow,Dark-eyed Junco
5580,White-throated Sparrow,Yellow-eyed Junco
5580,White-throated Sparrow,McCown's Longspur
5580,White-throated Sparrow,Lapland Longspur
5580,White-throated Sparrow,Smith's Longspur
5580,White-throated Sparrow,Chestnut-collared Longspur
5580,White-throated Sparrow,Snow Bunting
5590,American Tree Sparrow,Spotted Towhee
5590,American Tree Sparrow,Eastern Towhee
5590,American Tree Sparrow,Canyon Towhee
5590,American Tree Sparrow,Five-striped Sparrow
5590,American Tree Sparrow,Chipping Sparrow
5590,American Tree Sparrow,Field Sparrow
5590,American Tree Sparrow,Vesper Sparrow
5590,American Tree Sparrow,Sage Sparrow
5590,American Tree Sparrow,Lark Bunting
5590,American Tree Sparrow,Savannah Sparrow
5590,American Tree Sparrow,Le Conte's Sparrow
5590,American Tree Sparrow,Nelson's Sharp-tailed Sparrow
5590,American Tree Sparrow,Saltmarsh Sharp-tailed Sparrow
5590,American Tree Sparrow,Seaside Sparrow
5590,American Tree Sparrow,Fox Sparrow
5590,American Tree Sparrow,Song Sparrow
5590,American Tree Sparrow,Lincoln's Sparrow
5590,American Tree Sparrow,Swamp Sparrow
5590,American Tree Sparrow,White-throated Sparrow
5590,American Tree Sparrow,Harris's Sparrow
5590,American Tree Sparrow,White-crowned Sparrow
5590,American Tree Sparrow,Golden-crowned Sparrow
5590,American Tree Sparrow,Dark-eyed Junco
5590,American Tree Sparrow,McCown's Longspur
5590,American Tree Sparrow,Lapland Longspur
5590,American Tree Sparrow,Smith's Longspur
5590,American Tree Sparrow,Chestnut-collared Longspur
5590,American Tree Sparrow,Snow Bunting
5600,Chipping Sparrow,White-collared Seedeater
5600,Chipping Sparrow,Olive Sparrow
5600,Chipping Sparrow,Green-tailed Towhee
5600,Chipping Sparrow,Spotted Towhee
5600,Chipping Sparrow,Eastern Towhee
5600,Chipping Sparrow,Canyon Towhee
5600,Chipping Sparrow,California Towhee
5600,Chipping Sparrow,Abert's Towhee
5600,Chipping Sparrow,Rufous-winged Sparrow
5600,Chipping Sparrow,Cassin's Sparrow
5600,Chipping Sparrow,Bachman's Sparrow
5600,Chipping Sparrow,Botteri's Sparrow
5600,Chipping Sparrow,Rufous-crowned Sparrow
5600,Chipping Sparrow,American Tree Sparrow
5600,Chipping Sparrow,Clay-colored Sparrow
5600,Chipping Sparrow,Brewer's Sparrow
5600,Chipping Sparrow,Field Sparrow
5600,Chipping Sparrow,Black-chinned Sparrow
5600,Chipping Sparrow,Vesper Sparrow
5600,Chipping Sparrow,Lark Sparrow
5600,Chipping Sparrow,Black-throated Sparrow
5600,Chipping Sparrow,Sage Sparrow
5600,Chipping Sparrow,Lark Bunting
5600,Chipping Sparrow,Savannah Sparrow
5600,Chipping Sparrow,Grasshopper Sparrow
5600,Chipping Sparrow,Baird's Sparrow
5600,Chipping Sparrow,Henslow's Sparrow
5600,Chipping Sparrow,Le Conte's Sparrow
5600,Chipping Sparrow,Nelson's Sharp-tailed Sparrow
5600,Chipping Sparrow,Saltmarsh Sharp-tailed Sparrow
5600,Chipping Sparrow,Seaside Sparrow
5600,Chipping Sparrow,Fox Sparrow
5600,Chipping Sparrow,Song Sparrow
5600,Chipping Sparrow,Lincoln's Sparrow
5600,Chipping Sparrow,Swamp Sparrow
5600,Chipping Sparrow,White-throated Sparrow
5600,Chipping Sparrow,Harris's Sparrow
5600,Chipping Sparrow,White-crowned Sparrow
5600,Chipping Sparrow,Golden-crowned Sparrow
5600,Chipping Sparrow,Dark-eyed Junco
5600,Chipping Sparrow,Yellow-eyed Junco
5600,Chipping Sparrow,McCown's Longspur
5600,Chipping Sparrow,Lapland Longspur
5600,Chipping Sparrow,Smith's Longspur
5600,Chipping Sparrow,Chestnut-collared Longspur
5600,Chipping Sparrow,Snow Bunting
5610,Clay-colored Sparrow,White-collared Seedeater
5610,Clay-colored Sparrow,Olive Sparrow
5610,Clay-colored Sparrow,Green-tailed Towhee
5610,Clay-colored Sparrow,Spotted Towhee
5610,Clay-colored Sparrow,Eastern Towhee
5610,Clay-colored Sparrow,Abert's Towhee
5610,Clay-colored Sparrow,Rufous-winged Sparrow
5610,Clay-colored Sparrow,Cassin's Sparrow
5610,Clay-colored Sparrow,Rufous-crowned Sparrow
5610,Clay-colored Sparrow,Chipping Sparrow
5610,Clay-colored Sparrow,Brewer's Sparrow
5610,Clay-colored Sparrow,Field Sparrow
5610,Clay-colored Sparrow,Black-chinned Sparrow
5610,Clay-colored Sparrow,Vesper Sparrow
5610,Clay-colored Sparrow,Lark Sparrow
5610,Clay-colored Sparrow,Black-throated Sparrow
5610,Clay-colored Sparrow,Sage Sparrow
5610,Clay-colored Sparrow,Lark Bunting
5610,Clay-colored Sparrow,Savannah Sparrow
5610,Clay-colored Sparrow,Grasshopper Sparrow
5610,Clay-colored Sparrow,Baird's Sparrow
5610,Clay-colored Sparrow,Henslow's Sparrow
5610,Clay-colored Sparrow,Le Conte's Sparrow
5610,Clay-colored Sparrow,Nelson's Sharp-tailed Sparrow
5610,Clay-colored Sparrow,Fox Sparrow
5610,Clay-colored Sparrow,Song Sparrow
5610,Clay-colored Sparrow,Lincoln's Sparrow
5610,Clay-colored Sparrow,Swamp Sparrow
5610,Clay-colored Sparrow,White-throated Sparrow
5610,Clay-colored Sparrow,White-crowned Sparrow
5610,Clay-colored Sparrow,Golden-crowned Sparrow
5610,Clay-colored Sparrow,Dark-eyed Junco
5610,Clay-colored Sparrow,McCown's Longspur
5610,Clay-colored Sparrow,Chestnut-collared Longspur
5630,Field Sparrow,White-collared Seedeater
5630,Field Sparrow,Olive Sparrow
5630,Field Sparrow,Green-tailed Towhee
5630,Field Sparrow,Spotted Towhee
5630,Field Sparrow,Eastern Towhee
5630,Field Sparrow,Canyon Towhee
5630,Field Sparrow,Cassin's Sparrow
5630,Field Sparrow,Bachman's Sparrow
5630,Field Sparrow,Rufous-crowned Sparrow
5630,Field Sparrow,American Tree Sparrow
5630,Field Sparrow,Chipping Sparrow
5630,Field Sparrow,Clay-colored Sparrow
5630,Field Sparrow,Brewer's Sparrow
5630,Field Sparrow,Vesper Sparrow
5630,Field Sparrow,Lark Sparrow
5630,Field Sparrow,Black-throated Sparrow
5630,Field Sparrow,Lark Bunting
5630,Field Sparrow,Savannah Sparrow
5630,Field Sparrow,Grasshopper Sparrow
5630,Field Sparrow,Baird's Sparrow
5630,Field Sparrow,Henslow's Sparrow
5630,Field Sparrow,Le Conte's Sparrow
5630,Field Sparrow,Nelson's Sharp-tailed Sparrow
5630,Field Sparrow,Saltmarsh Sharp-tailed Sparrow
5630,Field Sparrow,Seaside Sparrow
5630,Field Sparrow,Fox Sparrow
5630,Field Sparrow,Song Sparrow
5630,Field Sparrow,Lincoln's Sparrow
5630,Field Sparrow,Swamp Sparrow
5630,Field Sparrow,White-throated Sparrow
5630,Field Sparrow,Harris's Sparrow
5630,Field Sparrow,White-crowned Sparrow
5630,Field Sparrow,Dark-eyed Junco
5630,Field Sparrow,McCown's Longspur
5630,Field Sparrow,Lapland Longspur
5630,Field Sparrow,Smith's Longspur
5630,Field Sparrow,Chestnut-collared Longspur
5780,Cassin's Sparrow,White-collared Seedeater
5780,Cassin's Sparrow,Olive Sparrow
5780,Cassin's Sparrow,Green-tailed Towhee
5780,Cassin's Sparrow,Spotted Towhee
5780,Cassin's Sparrow,Canyon Towhee
5780,Cassin's Sparrow,Abert's Towhee
5780,Cassin's Sparrow,Rufous-winged Sparrow
5780,Cassin's Sparrow,Botteri's Sparrow
5780,Cassin's Sparrow,Rufous-crowned Sparrow
5780,Cassin's Sparrow,Five-striped Sparrow
5780,Cassin's Sparrow,Chipping Sparrow
5780,Cassin's Sparrow,Clay-colored Sparrow
5780,Cassin's Sparrow,Brewer's Sparrow
5780,Cassin's Sparrow,Field Sparrow
5780,Cassin's Sparrow,Black-chinned Sparrow
5780,Cassin's Sparrow,Vesper Sparrow
5780,Cassin's Sparrow,Lark Sparrow
5780,Cassin's Sparrow,Black-throated Sparrow
5780,Cassin's Sparrow,Sage Sparrow
5780,Cassin's Sparrow,Lark Bunting
5780,Cassin's Sparrow,Savannah Sparrow
5780,Cassin's Sparrow,Grasshopper Sparrow
5780,Cassin's Sparrow,Baird's Sparrow
5780,Cassin's Sparrow,Fox Sparrow
5780,Cassin's Sparrow,Song Sparrow
5780,Cassin's Sparrow,Lincoln's Sparrow
5780,Cassin's Sparrow,Swamp Sparrow
5780,Cassin's Sparrow,White-throated Sparrow
5780,Cassin's Sparrow,White-crowned Sparrow
5780,Cassin's Sparrow,Dark-eyed Junco
5780,Cassin's Sparrow,Yellow-eyed Junco
5780,Cassin's Sparrow,McCown's Longspur
5810,Song Sparrow,Olive Sparrow
5810,Song Sparrow,Green-tailed Towhee
5810,Song Sparrow,Spotted Towhee
5810,Song Sparrow,Eastern Towhee
5810,Song Sparrow,Canyon Towhee
5810,Song Sparrow,California Towhee
5810,Song Sparrow,Abert's Towhee
5810,Song Sparrow,Rufous-winged Sparrow
5810,Song Sparrow,Cassin's Sparrow
5810,Song Sparrow,Bachman's Sparrow
5810,Song Sparrow,Botteri's Sparrow
5810,Song Sparrow,Rufous-crowned Sparrow
5810,Song Sparrow,Five-striped Sparrow
5810,Song Sparrow,American Tree Sparrow
5810,Song Sparrow,Chipping Sparrow
5810,Song Sparrow,Clay-colored Sparrow
5810,Song Sparrow,Brewer's Sparrow
5810,Song Sparrow,Field Sparrow
5810,Song Sparrow,Black-chinned Sparrow
5810,Song Sparrow,Vesper Sparrow
5810,Song Sparrow,Lark Sparrow
5810,Song Sparrow,Black-throated Sparrow
5810,Song Sparrow,Sage Sparrow
5810,Song Sparrow,Lark Bunting
5810,Song Sparrow,Savannah Sparrow
5810,Song Sparrow,Grasshopper Sparrow
5810,Song Sparrow,Baird's Sparrow
5810,Song Sparrow,Henslow's Sparrow
5810,Song Sparrow,Le Conte's Sparrow
5810,Song Sparrow,Nelson's Sharp-tailed Sparrow
5810,Song Sparrow,Saltmarsh Sharp-tailed Sparrow
5810,Song Sparrow,Seaside Sparrow
5810,Song Sparrow,Fox Sparrow
5810,Song Sparrow,Lincoln's Sparrow
5810,Song Sparrow,Swamp Sparrow
5810,Song Sparrow,White-throated Sparrow
5810,Song Sparrow,Harris's Sparrow
5810,Song Sparrow,White-crowned Sparrow
5810,Song Sparrow,Golden-crowned Sparrow
5810,Song Sparrow,Dark-eyed Junco
5810,Song Sparrow,Yellow-eyed Junco
5810,Song Sparrow,McCown's Longspur
5810,Song Sparrow,Lapland Longspur
5810,Song Sparrow,Smith's Longspur
5810,Song Sparrow,Chestnut-collared Longspur
5870,Eastern Towhee,Spotted Towhee
5870,Eastern Towhee,Canyon Towhee
5870,Eastern Towhee,Bachman's Sparrow
5870,Eastern Towhee,Rufous-crowned Sparrow
5870,Eastern Towhee,American Tree Sparrow
5870,Eastern Towhee,Chipping Sparrow
5870,Eastern Towhee,Clay-colored Sparrow
5870,Eastern Towhee,Field Sparrow
5870,Eastern Towhee,Vesper Sparrow
5870,Eastern Towhee,Lark Sparrow
5870,Eastern Towhee,Lark Bunting
5870,Eastern Towhee,Savannah Sparrow
5870,Eastern Towhee,Grasshopper Sparrow
5870,Eastern Towhee,Baird's Sparrow
5870,Eastern Towhee,Henslow's Sparrow
5870,Eastern Towhee,Le Conte's Sparrow
5870,Eastern Towhee,Nelson's Sharp-tailed Sparrow
5870,Eastern Towhee,Saltmarsh Sharp-tailed Sparrow
5870,Eastern Towhee,Seaside Sparrow
5870,Eastern Towhee,Fox Sparrow
5870,Eastern Towhee,Song Sparrow
5870,Eastern Towhee,Lincoln's Sparrow
5870,Eastern Towhee,Swamp Sparrow
5870,Eastern Towhee,White-throated Sparrow
5870,Eastern Towhee,Harris's Sparrow
5870,Eastern Towhee,White-crowned Sparrow
5870,Eastern Towhee,Dark-eyed Junco
5870,Eastern Towhee,McCown's Longspur
5870,Eastern Towhee,Lapland Longspur
5870,Eastern Towhee,Smith's Longspur
5870,Eastern Towhee,Chestnut-collared Longspur
5910,Canyon Towhee,Olive Sparrow
5910,Canyon Towhee,Green-tailed Towhee
5910,Canyon Towhee,Spotted Towhee
5910,Canyon Towhee,Eastern Towhee
5910,Canyon Towhee,Abert's Towhee
5910,Canyon Towhee,Rufous-winged Sparrow
5910,Canyon Towhee,Cassin's Sparrow
5910,Canyon Towhee,Botteri's Sparrow
5910,Canyon Towhee,Rufous-crowned Sparrow
5910,Canyon Towhee,Five-striped Sparrow
5910,Canyon Towhee,American Tree Sparrow
5910,Canyon Towhee,Chipping Sparrow
5910,Canyon Towhee,Brewer's Sparrow
5910,Canyon Towhee,Field Sparrow
5910,Canyon Towhee,Black-chinned Sparrow
5910,Canyon Towhee,Vesper Sparrow
5910,Canyon Towhee,Lark Sparrow
5910,Canyon Towhee,Black-throated Sparrow
5910,Canyon Towhee,Sage Sparrow
5910,Canyon Towhee,Lark Bunting
5910,Canyon Towhee,Savannah Sparrow
5910,Canyon Towhee,Grasshopper Sparrow
5910,Canyon Towhee,Baird's Sparrow
5910,Canyon Towhee,Fox Sparrow
5910,Canyon Towhee,Song Sparrow
5910,Canyon Towhee,Lincoln's Sparrow
5910,Canyon Towhee,Swamp Sparrow
5910,Canyon Towhee,White-throated Sparrow
5910,Canyon Towhee,White-crowned Sparrow
5910,Canyon Towhee,Dark-eyed Junco
5910,Canyon Towhee,Yellow-eyed Junco
5910,Canyon Towhee,McCown's Longspur
5910,Canyon Towhee,Chestnut-collared Longspur
5920,Abert's Towhee,Green-tailed Towhee
5920,Abert's Towhee,Spotted Towhee
5920,Abert's Towhee,Canyon Towhee
5920,Abert's Towhee,Rufous-winged Sparrow
5920,Abert's Towhee,Cassin's Sparrow
5920,Abert's Towhee,Botteri's Sparrow
5920,Abert's Towhee,Rufous-crowned Sparrow
5920,Abert's Towhee,Five-striped Sparrow
5920,Abert's Towhee,Chipping Sparrow
5920,Abert's Towhee,Clay-colored Sparrow
5920,Abert's Towhee,Brewer's Sparrow
5920,Abert's Towhee,Black-chinned Sparrow
5920,Abert's Towhee,Vesper Sparrow
5920,Abert's Towhee,Lark Sparrow
5920,Abert's Towhee,Black-throated Sparrow
5920,Abert's Towhee,Sage Sparrow
5920,Abert's Towhee,Lark Bunting
5920,Abert's Towhee,Savannah Sparrow
5920,Abert's Towhee,Grasshopper Sparrow
5920,Abert's Towhee,Baird's Sparrow
5920,Abert's Towhee,Fox Sparrow
5920,Abert's Towhee,Song Sparrow
5920,Abert's Towhee,Lincoln's Sparrow
5920,Abert's Towhee,Swamp Sparrow
5920,Abert's Towhee,White-throated Sparrow
5920,Abert's Towhee,White-crowned Sparrow
5920,Abert's Towhee,Dark-eyed Junco
5920,Abert's Towhee,Yellow-eyed Junco
5920,Abert's Towhee,McCown's Longspur
5920,Abert's Towhee,Chestnut-collared Longspur
5930,Northern Cardinal,Rose-breasted Grosbeak
5930,Northern Cardinal,Black-headed Grosbeak
5930,Northern Cardinal,Blue Grosbeak
5930,Northern Cardinal,Lazuli Bunting
5930,Northern Cardinal,Indigo Bunting
5930,Northern Cardinal,Varied Bunting
5930,Northern Cardinal,Painted Bunting
5930,Northern Cardinal,Dickcissel
5950,Rose-breasted Grosbeak,Northern Cardinal
5950,Rose-breasted Grosbeak,Black-headed Grosbeak
5950,Rose-breasted Grosbeak,Blue Grosbeak
5950,Rose-breasted Grosbeak,Lazuli Bunting
5950,Rose-breasted Grosbeak,Indigo Bunting
5950,Rose-breasted Grosbeak,Painted Bunting
5950,Rose-breasted Grosbeak,Dickcissel
5960,Black-headed Grosbeak,Northern Cardinal
5960,Black-headed Grosbeak,Pyrrhuloxia
5960,Black-headed Grosbeak,Rose-breasted Grosbeak
5960,Black-headed Grosbeak,Blue Grosbeak
5960,Black-headed Grosbeak,Lazuli Bunting
5960,Black-headed Grosbeak,Indigo Bunting
5960,Black-headed Grosbeak,Varied Bunting
5960,Black-headed Grosbeak,Painted Bunting
5960,Black-headed Grosbeak,Dickcissel
5970,Blue Grosbeak,Northern Cardinal
5970,Blue Grosbeak,Pyrrhuloxia
5970,Blue Grosbeak,Rose-breasted Grosbeak
5970,Blue Grosbeak,Black-headed Grosbeak
5970,Blue Grosbeak,Lazuli Bunting
5970,Blue Grosbeak,Indigo Bunting
5970,Blue Grosbeak,Varied Bunting
5970,Blue Grosbeak,Painted Bunting
5970,Blue Grosbeak,Dickcissel
5980,Indigo Bunting,Northern Cardinal
5980,Indigo Bunting,Pyrrhuloxia
5980,Indigo Bunting,Rose-breasted Grosbeak
5980,Indigo Bunting,Black-headed Grosbeak
5980,Indigo Bunting,Blue Grosbeak
5980,Indigo Bunting,Lazuli Bunting
5980,Indigo Bunting,Varied Bunting
5980,Indigo Bunting,Painted Bunting
5980,Indigo Bunting,Dickcissel
6010,Painted Bunting,Northern Cardinal
6010,Painted Bunting,Pyrrhuloxia
6010,Painted Bunting,Rose-breasted Grosbeak
6010,Painted Bunting,Black-headed Grosbeak
6010,Painted Bunting,Blue Grosbeak
6010,Painted Bunting,Indigo Bunting
6010,Painted Bunting,Varied Bunting
6010,Painted Bunting,Dickcissel
6040,Dickcissel,Northern Cardinal
6040,Dickcissel,Pyrrhuloxia
6040,Dickcissel,Rose-breasted Grosbeak
6040,Dickcissel,Black-headed Grosbeak
6040,Dickcissel,Blue Grosbeak
6040,Dickcissel,Lazuli Bunting
6040,Dickcissel,Indigo Bunting
6040,Dickcissel,Painted Bunting
6070,Western Tanager,Hepatic Tanager
6080,Scarlet Tanager,Summer Tanager
6100,Summer Tanager,Hepatic Tanager
6100,Summer Tanager,Western Tanager
6110,Purple Martin,Tree Swallow
6110,Purple Martin,Violet-green Swallow
6110,Purple Martin,Northern Rough-winged Swallow
6110,Purple Martin,Bank Swallow
6110,Purple Martin,Cliff Swallow
6110,Purple Martin,Cave Swallow
6110,Purple Martin,Barn Swallow
6120,Cliff Swallow,Purple Martin
6120,Cliff Swallow,Tree Swallow
6120,Cliff Swallow,Violet-green Swallow
6120,Cliff Swallow,Northern Rough-winged Swallow
6120,Cliff Swallow,Bank Swallow
6120,Cliff Swallow,Cave Swallow
6120,Cliff Swallow,Barn Swallow
6130,Barn Swallow,Purple Martin
6130,Barn Swallow,Tree Swallow
6130,Barn Swallow,Violet-green Swallow
6130,Barn Swallow,Northern Rough-winged Swallow
6130,Barn Swallow,Bank Swallow
6130,Barn Swallow,Cliff Swallow
6130,Barn Swallow,Cave Swallow
6140,Tree Swallow,Purple Martin
6140,Tree Swallow,Violet-green Swallow
6140,Tree Swallow,Northern Rough-winged Swallow
6140,Tree Swallow,Bank Swallow
6140,Tree Swallow,Cliff Swallow
6140,Tree Swallow,Barn Swallow
6170,Northern Rough-winged Swallow,Purple Martin
6170,Northern Rough-winged Swallow,Tree Swallow
6170,Northern Rough-winged Swallow,Violet-green Swallow
6170,Northern Rough-winged Swallow,Bank Swallow
6170,Northern Rough-winged Swallow,Cliff Swallow
6170,Northern Rough-winged Swallow,Cave Swallow
6170,Northern Rough-winged Swallow,Barn Swallow
6190,Cedar Waxwing,Bohemian Waxwing
6240,Red-eyed Vireo,White-eyed Vireo
6240,Red-eyed Vireo,Bell's Vireo
6240,Red-eyed Vireo,Yellow-throated Vireo
6240,Red-eyed Vireo,Blue-headed Vireo
6240,Red-eyed Vireo,Warbling Vireo
6240,Red-eyed Vireo,Philadelphia Vireo
6270,Warbling Vireo,White-eyed Vireo
6270,Warbling Vireo,Bell's Vireo
6270,Warbling Vireo,Gray Vireo
6270,Warbling Vireo,Yellow-throated Vireo
6270,Warbling Vireo,Plumbeous Vireo
6270,Warbling Vireo,Cassin's Vireo
6270,Warbling Vireo,Blue-headed Vireo
6270,Warbling Vireo,Hutton's Vireo
6270,Warbling Vireo,Philadelphia Vireo
6270,Warbling Vireo,Red-eyed Vireo
6280,Yellow-throated Vireo,White-eyed Vireo
6280,Yellow-throated Vireo,Bell's Vireo
6280,Yellow-throated Vireo,Black-capped Vireo
6280,Yellow-throated Vireo,Blue-headed Vireo
6280,Yellow-throated Vireo,Warbling Vireo
6280,Yellow-throated Vireo,Philadelphia Vireo
6280,Yellow-throated Vireo,Red-eyed Vireo
6280,Yellow-throated Vireo,Black-whiskered Vireo
6290,Blue-headed Vireo,White-eyed Vireo
6290,Blue-headed Vireo,Bell's Vireo
6290,Blue-headed Vireo,Black-capped Vireo
6290,Blue-headed Vireo,Yellow-throated Vireo
6290,Blue-headed Vireo,Warbling Vireo
6290,Blue-headed Vireo,Philadelphia Vireo
6290,Blue-headed Vireo,Red-eyed Vireo
6290,Blue-headed Vireo,Black-whiskered Vireo
6310,White-eyed Vireo,Bell's Vireo
6310,White-eyed Vireo,Black-capped Vireo
6310,White-eyed Vireo,Yellow-throated Vireo
6310,White-eyed Vireo,Blue-headed Vireo
6310,White-eyed Vireo,Warbling Vireo
6310,White-eyed Vireo,Red-eyed Vireo
6310,White-eyed Vireo,Black-whiskered Vireo
6480,Northern Parula,Blue-winged Warbler
6480,Northern Parula,Golden-winged Warbler
6480,Northern Parula,Tennessee Warbler
6480,Northern Parula,Orange-crowned Warbler
6480,Northern Parula,Nashville Warbler
6480,Northern Parula,Tropical Parula
6480,Northern Parula,Yellow Warbler
6480,Northern Parula,Chestnut-sided Warbler
6480,Northern Parula,Magnolia Warbler
6480,Northern Parula,Cape May Warbler
6480,Northern Parula,Black-throated Blue Warbler
6480,Northern Parula,Yellow-rumped Warbler
6480,Northern Parula,Golden-cheeked Warbler
6480,Northern Parula,Black-throated Green Warbler
6480,Northern Parula,Blackburnian Warbler
6480,Northern Parula,Yellow-throated Warbler
6480,Northern Parula,Pine Warbler
6480,Northern Parula,Kirtland's Warbler
6480,Northern Parula,Prairie Warbler
6480,Northern Parula,Palm Warbler
6480,Northern Parula,Bay-breasted Warbler
6480,Northern Parula,Blackpoll Warbler
6480,Northern Parula,Cerulean Warbler
6480,Northern Parula,Black-and-white Warbler
6480,Northern Parula,American Redstart
6480,Northern Parula,Prothonotary Warbler
6480,Northern Parula,Worm-eating Warbler
6480,Northern Parula,Swainson's Warbler
6480,Northern Parula,Ovenbird
6480,Northern Parula,Northern Waterthrush
6480,Northern Parula,Louisiana Waterthrush
6480,Northern Parula,Kentucky Warbler
6480,Northern Parula,Connecticut Warbler
6480,Northern Parula,Mourning Warbler
6480,Northern Parula,Common Yellowthroat
6480,Northern Parula,Hooded Warbler
6480,Northern Parula,Wilson's Warbler
6480,Northern Parula,Canada Warbler
6480,Northern Parula,Yellow-breasted Chat
6520,Yellow Warbler,Blue-winged Warbler
6520,Yellow Warbler,Golden-winged Warbler
6520,Yellow Warbler,Tennessee Warbler
6520,Yellow Warbler,Orange-crowned Warbler
6520,Yellow Warbler,Nashville Warbler
6520,Yellow Warbler,Virginia's Warbler
6520,Yellow Warbler,Lucy's Warbler
6520,Yellow Warbler,Northern Parula
6520,Yellow Warbler,Chestnut-sided Warbler
6520,Yellow Warbler,Magnolia Warbler
6520,Yellow Warbler,Cape May Warbler
6520,Yellow Warbler,Black-throated Blue Warbler
6520,Yellow Warbler,Yellow-rumped Warbler
6520,Yellow Warbler,Black-throated Gray Warbler
6520,Yellow Warbler,Black-throated Green Warbler
6520,Yellow Warbler,Townsend's Warbler
6520,Yellow Warbler,Hermit Warbler
6520,Yellow Warbler,Blackburnian Warbler
6520,Yellow Warbler,Yellow-throated Warbler
6520,Yellow Warbler,Grace's Warbler
6520,Yellow Warbler,Pine Warbler
6520,Yellow Warbler,Kirtland's Warbler
6520,Yellow Warbler,Prairie Warbler
6520,Yellow Warbler,Palm Warbler
6520,Yellow Warbler,Bay-breasted Warbler
6520,Yellow Warbler,Blackpoll Warbler
6520,Yellow Warbler,Cerulean Warbler
6520,Yellow Warbler,Black-and-white Warbler
6520,Yellow Warbler,American Redstart
6520,Yellow Warbler,Prothonotary Warbler
6520,Yellow Warbler,Worm-eating Warbler
6520,Yellow Warbler,Swainson's Warbler
6520,Yellow Warbler,Ovenbird
6520,Yellow Warbler,Northern Waterthrush
6520,Yellow Warbler,Louisiana Waterthrush
6520,Yellow Warbler,Kentucky Warbler
6520,Yellow Warbler,Connecticut Warbler
6520,Yellow Warbler,Mourning Warbler
6520,Yellow Warbler,MacGillivray's Warbler
6520,Yellow Warbler,Common Yellowthroat
6520,Yellow Warbler,Hooded Warbler
6520,Yellow Warbler,Wilson's Warbler
6520,Yellow Warbler,Canada Warbler
6520,Yellow Warbler,Red-faced Warbler
6520,Yellow Warbler,Painted Redstart
6520,Yellow Warbler,Yellow-breasted Chat
6550,Yellow-rumped Warbler,Blue-winged Warbler
6550,Yellow-rumped Warbler,Golden-winged Warbler
6550,Yellow-rumped Warbler,Tennessee Warbler
6550,Yellow-rumped Warbler,Orange-crowned Warbler
6550,Yellow-rumped Warbler,Nashville Warbler
6550,Yellow-rumped Warbler,Virginia's Warbler
6550,Yellow-rumped Warbler,Colima Warbler
6550,Yellow-rumped Warbler,Lucy's Warbler
6550,Yellow-rumped Warbler,Northern Parula
6550,Yellow-rumped Warbler,Tropical Parula
6550,Yellow-rumped Warbler,Yellow Warbler
6550,Yellow-rumped Warbler,Chestnut-sided Warbler
6550,Yellow-rumped Warbler,Magnolia Warbler
6550,Yellow-rumped Warbler,Cape May Warbler
6550,Yellow-rumped Warbler,Black-throated Blue Warbler
6550,Yellow-rumped Warbler,Black-throated Gray Warbler
6550,Yellow-rumped Warbler,Golden-cheeked Warbler
6550,Yellow-rumped Warbler,Black-throated Green Warbler
6550,Yellow-rumped Warbler,Townsend's Warbler
6550,Yellow-rumped Warbler,Hermit Warbler
6550,Yellow-rumped Warbler,Blackburnian Warbler
6550,Yellow-rumped Warbler,Yellow-throated Warbler
6550,Yellow-rumped Warbler,Grace's Warbler
6550,Yellow-rumped Warbler,Pine Warbler
6550,Yellow-rumped Warbler,Kirtland's Warbler
6550,Yellow-rumped Warbler,Prairie Warbler
6550,Yellow-rumped Warbler,Palm Warbler
6550,Yellow-rumped Warbler,Bay-breasted Warbler
6550,Yellow-rumped Warbler,Blackpoll Warbler
6550,Yellow-rumped Warbler,Cerulean Warbler
6550,Yellow-rumped Warbler,Black-and-white Warbler
6550,Yellow-rumped Warbler,American Redstart
6550,Yellow-rumped Warbler,Prothonotary Warbler
6550,Yellow-rumped Warbler,Worm-eating Warbler
6550,Yellow-rumped Warbler,Swainson's Warbler
6550,Yellow-rumped Warbler,Ovenbird
6550,Yellow-rumped Warbler,Northern Waterthrush
6550,Yellow-rumped Warbler,Louisiana Waterthrush
6550,Yellow-rumped Warbler,Kentucky Warbler
6550,Yellow-rumped Warbler,Connecticut Warbler
6550,Yellow-rumped Warbler,Mourning Warbler
6550,Yellow-rumped Warbler,MacGillivray's Warbler
6550,Yellow-rumped Warbler,Common Yellowthroat
6550,Yellow-rumped Warbler,Hooded Warbler
6550,Yellow-rumped Warbler,Wilson's Warbler
6550,Yellow-rumped Warbler,Canada Warbler
6550,Yellow-rumped Warbler,Red-faced Warbler
6550,Yellow-rumped Warbler,Painted Redstart
6550,Yellow-rumped Warbler,Slate-throated Redstart
6550,Yellow-rumped Warbler,Fan-tailed Warbler
6550,Yellow-rumped Warbler,Yellow-breasted Chat
6590,Chestnut-sided Warbler,Blue-winged Warbler
6590,Chestnut-sided Warbler,Golden-winged Warbler
6590,Chestnut-sided Warbler,Tennessee Warbler
6590,Chestnut-sided Warbler,Orange-crowned Warbler
6590,Chestnut-sided Warbler,Nashville Warbler
6590,Chestnut-sided Warbler,Northern Parula
6590,Chestnut-sided Warbler,Yellow Warbler
6590,Chestnut-sided Warbler,Magnolia Warbler
6590,Chestnut-sided Warbler,Cape May Warbler
6590,Chestnut-sided Warbler,Black-throated Blue Warbler
6590,Chestnut-sided Warbler,Yellow-rumped Warbler
6590,Chestnut-sided Warbler,Black-throated Green Warbler
6590,Chestnut-sided Warbler,Blackburnian Warbler
6590,Chestnut-sided Warbler,Yellow-throated Warbler
6590,Chestnut-sided Warbler,Pine Warbler
6590,Chestnut-sided Warbler,Kirtland's Warbler
6590,Chestnut-sided Warbler,Prairie Warbler
6590,Chestnut-sided Warbler,Palm Warbler
6590,Chestnut-sided Warbler,Bay-breasted Warbler
6590,Chestnut-sided Warbler,Blackpoll Warbler
6590,Chestnut-sided Warbler,Cerulean Warbler
6590,Chestnut-sided Warbler,Black-and-white Warbler
6590,Chestnut-sided Warbler,American Redstart
6590,Chestnut-sided Warbler,Prothonotary Warbler
6590,Chestnut-sided Warbler,Worm-eating Warbler
6590,Chestnut-sided Warbler,Swainson's Warbler
6590,Chestnut-sided Warbler,Ovenbird
6590,Chestnut-sided Warbler,Northern Waterthrush
6590,Chestnut-sided Warbler,Louisiana Waterthrush
6590,Chestnut-sided Warbler,Kentucky Warbler
6590,Chestnut-sided Warbler,Connecticut Warbler
6590,Chestnut-sided Warbler,Mourning Warbler
6590,Chestnut-sided Warbler,Common Yellowthroat
6590,Chestnut-sided Warbler,Hooded Warbler
6590,Chestnut-sided Warbler,Wilson's Warbler
6590,Chestnut-sided Warbler,Canada Warbler
6590,Chestnut-sided Warbler,Yellow-breasted Chat
6670,Black-throated Green Warbler,Blue-winged Warbler
6670,Black-throated Green Warbler,Golden-winged Warbler
6670,Black-throated Green Warbler,Tennessee Warbler
6670,Black-throated Green Warbler,Orange-crowned Warbler
6670,Black-throated Green Warbler,Nashville Warbler
6670,Black-throated Green Warbler,Northern Parula
6670,Black-throated Green Warbler,Yellow Warbler
6670,Black-throated Green Warbler,Chestnut-sided Warbler
6670,Black-throated Green Warbler,Magnolia Warbler
6670,Black-throated Green Warbler,Cape May Warbler
6670,Black-throated Green Warbler,Black-throated Blue Warbler
6670,Black-throated Green Warbler,Yellow-rumped Warbler
6670,Black-throated Green Warbler,Blackburnian Warbler
6670,Black-throated Green Warbler,Yellow-throated Warbler
6670,Black-throated Green Warbler,Pine Warbler
6670,Black-throated Green Warbler,Kirtland's Warbler
6670,Black-throated Green Warbler,Prairie Warbler
6670,Black-throated Green Warbler,Palm Warbler
6670,Black-throated Green Warbler,Bay-breasted Warbler
6670,Black-throated Green Warbler,Blackpoll Warbler
6670,Black-throated Green Warbler,Cerulean Warbler
6670,Black-throated Green Warbler,Black-and-white Warbler
6670,Black-throated Green Warbler,American Redstart
6670,Black-throated Green Warbler,Prothonotary Warbler
6670,Black-throated Green Warbler,Worm-eating Warbler
6670,Black-throated Green Warbler,Swainson's Warbler
6670,Black-throated Green Warbler,Ovenbird
6670,Black-throated Green Warbler,Northern Waterthrush
6670,Black-throated Green Warbler,Louisiana Waterthrush
6670,Black-throated Green Warbler,Kentucky Warbler
6670,Black-throated Green Warbler,Connecticut Warbler
6670,Black-throated Green Warbler,Mourning Warbler
6670,Black-throated Green Warbler,Common Yellowthroat
6670,Black-throated Green Warbler,Hooded Warbler
6670,Black-throated Green Warbler,Wilson's Warbler
6670,Black-throated Green Warbler,Canada Warbler
6670,Black-throated Green Warbler,Yellow-breasted Chat
6680,Townsend's Warbler,Tennessee Warbler
6680,Townsend's Warbler,Orange-crowned Warbler
6680,Townsend's Warbler,Nashville Warbler
6680,Townsend's Warbler,Virginia's Warbler
6680,Townsend's Warbler,Yellow Warbler
6680,Townsend's Warbler,Yellow-rumped Warbler
6680,Townsend's Warbler,Black-throated Gray Warbler
6680,Townsend's Warbler,Hermit Warbler
6680,Townsend's Warbler,Grace's Warbler
6680,Townsend's Warbler,Palm Warbler
6680,Townsend's Warbler,Blackpoll Warbler
6680,Townsend's Warbler,American Redstart
6680,Townsend's Warbler,Ovenbird
6680,Townsend's Warbler,Northern Waterthrush
6680,Townsend's Warbler,Connecticut Warbler
6680,Townsend's Warbler,Mourning Warbler
6680,Townsend's Warbler,MacGillivray's Warbler
6680,Townsend's Warbler,Common Yellowthroat
6680,Townsend's Warbler,Wilson's Warbler
6680,Townsend's Warbler,Red-faced Warbler
6680,Townsend's Warbler,Painted Redstart
6680,Townsend's Warbler,Yellow-breasted Chat
6710,Pine Warbler,Blue-winged Warbler
6710,Pine Warbler,Golden-winged Warbler
6710,Pine Warbler,Tennessee Warbler
6710,Pine Warbler,Orange-crowned Warbler
6710,Pine Warbler,Nashville Warbler
6710,Pine Warbler,Northern Parula
6710,Pine Warbler,Tropical Parula
6710,Pine Warbler,Yellow Warbler
6710,Pine Warbler,Chestnut-sided Warbler
6710,Pine Warbler,Magnolia Warbler
6710,Pine Warbler,Cape May Warbler
6710,Pine Warbler,Black-throated Blue Warbler
6710,Pine Warbler,Yellow-rumped Warbler
6710,Pine Warbler,Black-throated Green Warbler
6710,Pine Warbler,Blackburnian Warbler
6710,Pine Warbler,Yellow-throated Warbler
6710,Pine Warbler,Prairie Warbler
6710,Pine Warbler,Palm Warbler
6710,Pine Warbler,Bay-breasted Warbler
6710,Pine Warbler,Blackpoll Warbler
6710,Pine Warbler,Cerulean Warbler
6710,Pine Warbler,Black-and-white Warbler
6710,Pine Warbler,American Redstart
6710,Pine Warbler,Prothonotary Warbler
6710,Pine Warbler,Worm-eating Warbler
6710,Pine Warbler,Swainson's Warbler
6710,Pine Warbler,Ovenbird
6710,Pine Warbler,Northern Waterthrush
6710,Pine Warbler,Louisiana Waterthrush
6710,Pine Warbler,Kentucky Warbler
6710,Pine Warbler,Connecticut Warbler
6710,Pine Warbler,Mourning Warbler
6710,Pine Warbler,Common Yellowthroat
6710,Pine Warbler,Hooded Warbler
6710,Pine Warbler,Wilson's Warbler
6710,Pine Warbler,Canada Warbler
6710,Pine Warbler,Yellow-breasted Chat
6730,Prairie Warbler,Blue-winged Warbler
6730,Prairie Warbler,Golden-winged Warbler
6730,Prairie Warbler,Tennessee Warbler
6730,Prairie Warbler,Orange-crowned Warbler
6730,Prairie Warbler,Nashville Warbler
6730,Prairie Warbler,Northern Parula
6730,Prairie Warbler,Yellow Warbler
6730,Prairie Warbler,Chestnut-sided Warbler
6730,Prairie Warbler,Magnolia Warbler
6730,Prairie Warbler,Cape May Warbler
6730,Prairie Warbler,Black-throated Blue Warbler
6730,Prairie Warbler,Yellow-rumped Warbler
6730,Prairie Warbler,Black-throated Green Warbler
6730,Prairie Warbler,Blackburnian Warbler
6730,Prairie Warbler,Yellow-throated Warbler
6730,Prairie Warbler,Pine Warbler
6730,Prairie Warbler,Kirtland's Warbler
6730,Prairie Warbler,Palm Warbler
6730,Prairie Warbler,Bay-breasted Warbler
6730,Prairie Warbler,Blackpoll Warbler
6730,Prairie Warbler,Cerulean Warbler
6730,Prairie Warbler,Black-and-white Warbler
6730,Prairie Warbler,American Redstart
6730,Prairie Warbler,Prothonotary Warbler
6730,Prairie Warbler,Worm-eating Warbler
6730,Prairie Warbler,Swainson's Warbler
6730,Prairie Warbler,Ovenbird
6730,Prairie Warbler,Northern Waterthrush
6730,Prairie Warbler,Louisiana Waterthrush
6730,Prairie Warbler,Kentucky Warbler
6730,Prairie Warbler,Connecticut Warbler
6730,Prairie Warbler,Mourning Warbler
6730,Prairie Warbler,Common Yellowthroat
6730,Prairie Warbler,Hooded Warbler
6730,Prairie Warbler,Wilson's Warbler
6730,Prairie Warbler,Canada Warbler
6730,Prairie Warbler,Yellow-breasted Chat
6740,Ovenbird,Blue-winged Warbler
6740,Ovenbird,Golden-winged Warbler
6740,Ovenbird,Tennessee Warbler
6740,Ovenbird,Orange-crowned Warbler
6740,Ovenbird,Nashville Warbler
6740,Ovenbird,Northern Parula
6740,Ovenbird,Yellow Warbler
6740,Ovenbird,Chestnut-sided Warbler
6740,Ovenbird,Magnolia Warbler
6740,Ovenbird,Cape May Warbler
6740,Ovenbird,Black-throated Blue Warbler
6740,Ovenbird,Yellow-rumped Warbler
6740,Ovenbird,Black-throated Green Warbler
6740,Ovenbird,Townsend's Warbler
6740,Ovenbird,Blackburnian Warbler
6740,Ovenbird,Yellow-throated Warbler
6740,Ovenbird,Pine Warbler
6740,Ovenbird,Kirtland's Warbler
6740,Ovenbird,Prairie Warbler
6740,Ovenbird,Palm Warbler
6740,Ovenbird,Bay-breasted Warbler
6740,Ovenbird,Blackpoll Warbler
6740,Ovenbird,Cerulean Warbler
6740,Ovenbird,Black-and-white Warbler
6740,Ovenbird,American Redstart
6740,Ovenbird,Prothonotary Warbler
6740,Ovenbird,Worm-eating Warbler
6740,Ovenbird,Swainson's Warbler
6740,Ovenbird,Northern Waterthrush
6740,Ovenbird,Louisiana Waterthrush
6740,Ovenbird,Kentucky Warbler
6740,Ovenbird,Connecticut Warbler
6740,Ovenbird,Mourning Warbler
6740,Ovenbird,Common Yellowthroat
6740,Ovenbird,Hooded Warbler
6740,Ovenbird,Wilson's Warbler
6740,Ovenbird,Canada Warbler
6740,Ovenbird,Yellow-breasted Chat
6810,Common Yellowthroat,Blue-winged Warbler
6810,Common Yellowthroat,Golden-winged Warbler
6810,Common Yellowthroat,Tennessee Warbler
6810,Common Yellowthroat,Orange-crowned Warbler
6810,Common Yellowthroat,Nashville Warbler
6810,Common Yellowthroat,Virginia's Warbler
6810,Common Yellowthroat,Colima Warbler
6810,Common Yellowthroat,Lucy's Warbler
6810,Common Yellowthroat,Northern Parula
6810,Common Yellowthroat,Tropical Parula
6810,Common Yellowthroat,Yellow Warbler
6810,Common Yellowthroat,Chestnut-sided Warbler
6810,Common Yellowthroat,Magnolia Warbler
6810,Common Yellowthroat,Cape May Warbler
6810,Common Yellowthroat,Black-throated Blue Warbler
6810,Common Yellowthroat,Yellow-rumped Warbler
6810,Common Yellowthroat,Black-throated Gray Warbler
6810,Common Yellowthroat,Golden-cheeked Warbler
6810,Common Yellowthroat,Black-throated Green Warbler
6810,Common Yellowthroat,Townsend's Warbler
6810,Common Yellowthroat,Hermit Warbler
6810,Common Yellowthroat,Blackburnian Warbler
6810,Common Yellowthroat,Yellow-throated Warbler
6810,Common Yellowthroat,Grace's Warbler
6810,Common Yellowthroat,Pine Warbler
6810,Common Yellowthroat,Kirtland's Warbler
6810,Common Yellowthroat,Prairie Warbler
6810,Common Yellowthroat,Palm Warbler
6810,Common Yellowthroat,Bay-breasted Warbler
6810,Common Yellowthroat,Blackpoll Warbler
6810,Common Yellowthroat,Cerulean Warbler
6810,Common Yellowthroat,Black-and-white Warbler
6810,Common Yellowthroat,American Redstart
6810,Common Yellowthroat,Prothonotary Warbler
6810,Common Yellowthroat,Worm-eating Warbler
6810,Common Yellowthroat,Swainson's Warbler
6810,Common Yellowthroat,Ovenbird
6810,Common Yellowthroat,Northern Waterthrush
6810,Common Yellowthroat,Louisiana Waterthrush
6810,Common Yellowthroat,Kentucky Warbler
6810,Common Yellowthroat,Connecticut Warbler
6810,Common Yellowthroat,Mourning Warbler
6810,Common Yellowthroat,MacGillivray's Warbler
6810,Common Yellowthroat,Hooded Warbler
6810,Common Yellowthroat,Wilson's Warbler
6810,Common Yellowthroat,Canada Warbler
6810,Common Yellowthroat,Red-faced Warbler
6810,Common Yellowthroat,Painted Redstart
6810,Common Yellowthroat,Yellow-breasted Chat
6850,Wilson's Warbler,Golden-winged Warbler
6850,Wilson's Warbler,Tennessee Warbler
6850,Wilson's Warbler,Orange-crowned Warbler
6850,Wilson's Warbler,Nashville Warbler
6850,Wilson's Warbler,Virginia's Warbler
6850,Wilson's Warbler,Lucy's Warbler
6850,Wilson's Warbler,Northern Parula
6850,Wilson's Warbler,Tropical Parula
6850,Wilson's Warbler,Yellow Warbler
6850,Wilson's Warbler,Chestnut-sided Warbler
6850,Wilson's Warbler,Magnolia Warbler
6850,Wilson's Warbler,Cape May Warbler
6850,Wilson's Warbler,Black-throated Blue Warbler
6850,Wilson's Warbler,Yellow-rumped Warbler
6850,Wilson's Warbler,Black-throated Gray Warbler
6850,Wilson's Warbler,Black-throated Green Warbler
6850,Wilson's Warbler,Townsend's Warbler
6850,Wilson's Warbler,Hermit Warbler
6850,Wilson's Warbler,Blackburnian Warbler
6850,Wilson's Warbler,Grace's Warbler
6850,Wilson's Warbler,Pine Warbler
6850,Wilson's Warbler,Palm Warbler
6850,Wilson's Warbler,Bay-breasted Warbler
6850,Wilson's Warbler,Blackpoll Warbler
6850,Wilson's Warbler,Black-and-white Warbler
6850,Wilson's Warbler,American Redstart
6850,Wilson's Warbler,Ovenbird
6850,Wilson's Warbler,Northern Waterthrush
6850,Wilson's Warbler,Connecticut Warbler
6850,Wilson's Warbler,Mourning Warbler
6850,Wilson's Warbler,MacGillivray's Warbler
6850,Wilson's Warbler,Common Yellowthroat
6850,Wilson's Warbler,Hooded Warbler
6850,Wilson's Warbler,Canada Warbler
6850,Wilson's Warbler,Red-faced Warbler
6850,Wilson's Warbler,Painted Redstart
6850,Wilson's Warbler,Yellow-breasted Chat
6882,House Sparrow,Eurasian Tree Sparrow
6883,Eurasian Tree Sparrow,House Sparrow
7040,Gray Catbird,Northern Mockingbird
7040,Gray Catbird,Sage Thrasher
7040,Gray Catbird,Brown Thrasher
7050,Brown Thrasher,Gray Catbird
7050,Brown Thrasher,Northern Mockingbird
7050,Brown Thrasher,Sage Thrasher
7070,Curve-billed Thrasher,Northern Mockingbird
7070,Curve-billed Thrasher,Sage Thrasher
7070,Curve-billed Thrasher,Long-billed Thrasher
7070,Curve-billed Thrasher,Bendire's Thrasher
7070,Curve-billed Thrasher,Crissal Thrasher
7120,Crissal Thrasher,Northern Mockingbird
7120,Crissal Thrasher,Sage Thrasher
7120,Crissal Thrasher,Bendire's Thrasher
7120,Crissal Thrasher,Curve-billed Thrasher
7120,Crissal Thrasher,Le Conte's Thrasher
7130,Cactus Wren,Rock Wren
7130,Cactus Wren,Canyon Wren
7130,Cactus Wren,Carolina Wren
7130,Cactus Wren,Bewick's Wren
7130,Cactus Wren,House Wren
7130,Cactus Wren,Pacific Wren
7130,Cactus Wren,Winter Wren
7130,Cactus Wren,Sedge Wren
7130,Cactus Wren,Marsh Wren
7180,Carolina Wren,Cactus Wren
7180,Carolina Wren,Rock Wren
7180,Carolina Wren,Canyon Wren
7180,Carolina Wren,Bewick's Wren
7180,Carolina Wren,House Wren
7180,Carolina Wren,Winter Wren
7180,Carolina Wren,Sedge Wren
7180,Carolina Wren,Marsh Wren
7210,House Wren,Cactus Wren
7210,House Wren,Rock Wren
7210,House Wren,Canyon Wren
7210,House Wren,Carolina Wren
7210,House Wren,Bewick's Wren
7210,House Wren,Pacific Wren
7210,House Wren,Winter Wren
7210,House Wren,Sedge Wren
7210,House Wren,Marsh Wren
7270,White-breasted Nuthatch,Red-breasted Nuthatch
7270,White-breasted Nuthatch,Pygmy Nuthatch
7270,White-breasted Nuthatch,Brown-headed Nuthatch
7290,Brown-headed Nuthatch,Red-breasted Nuthatch
7290,Brown-headed Nuthatch,White-breasted Nuthatch
7310,Tufted Titmouse,Carolina Chickadee
7310,Tufted Titmouse,Black-capped Chickadee
7310,Tufted Titmouse,Boreal Chickadee
7310,Tufted Titmouse,Black-crested Titmouse
7330,Oak Titmouse,Mountain Chickadee
7330,Oak Titmouse,Chestnut-backed Chickadee
7350,Black-capped Chickadee,Carolina Chickadee
7350,Black-capped Chickadee,Mountain Chickadee
7350,Black-capped Chickadee,Chestnut-backed Chickadee
7350,Black-capped Chickadee,Boreal Chickadee
7350,Black-capped Chickadee,Tufted Titmouse
7360,Carolina Chickadee,Black-capped Chickadee
7360,Carolina Chickadee,Mountain Chickadee
7360,Carolina Chickadee,Tufted Titmouse
7360,Carolina Chickadee,Black-crested Titmouse
7510,Blue-gray Gnatcatcher,California Gnatcatcher
7510,Blue-gray Gnatcatcher,Black-tailed Gnatcatcher
7550,Wood Thrush,Eastern Bluebird
7550,Wood Thrush,Mountain Bluebird
7550,Wood Thrush,Townsend's Solitaire
7550,Wood Thrush,Veery
7550,Wood Thrush,Gray-cheeked Thrush
7550,Wood Thrush,Bicknell's Thrush
7550,Wood Thrush,Swainson's Thrush
7550,Wood Thrush,Hermit Thrush
7550,Wood Thrush,American Robin
7560,Veery,Eastern Bluebird
7560,Veery,Mountain Bluebird
7560,Veery,Townsend's Solitaire
7560,Veery,Bicknell's Thrush
7560,Veery,Swainson's Thrush
7560,Veery,Hermit Thrush
7560,Veery,Wood Thrush
7560,Veery,American Robin
7560,Veery,Varied Thrush
7570,Gray-cheeked Thrush,Eastern Bluebird
7570,Gray-cheeked Thrush,Mountain Bluebird
7570,Gray-cheeked Thrush,Townsend's Solitaire
7570,Gray-cheeked Thrush,Bicknell's Thrush
7570,Gray-cheeked Thrush,Swainson's Thrush
7570,Gray-cheeked Thrush,Hermit Thrush
7570,Gray-cheeked Thrush,Wood Thrush
7570,Gray-cheeked Thrush,American Robin
7610,American Robin,Eastern Bluebird
7610,American Robin,Western Bluebird
7610,American Robin,Mountain Bluebird
7610,American Robin,Townsend's Solitaire
7610,American Robin,Veery
7610,American Robin,Gray-cheeked Thrush
7610,American Robin,Swainson's Thrush
7610,American Robin,Hermit Thrush
7610,American Robin,Wood Thrush
7610,American Robin,Varied Thrush
7660,Eastern Bluebird,Mountain Bluebird
7660,Eastern Bluebird,Veery
7660,Eastern Bluebird,Swainson's Thrush
7660,Eastern Bluebird,Hermit Thrush
7660,Eastern Bluebird,Wood Thrush
7660,Eastern Bluebird,American Robin
6850,Wilson's Warbler,Prairie Warbler
